method,variant,task,seed,task_type,val_index,mmd2,emd
jkonet,full,GoM,1,forecast,-1,1.131629218838511,0.6199489655783859
jkonet,full,GoM,1,interp,0,0.5954082386780304,0.7793717002541698
jkonet,full,GoM,1,interp,1,0.5412112875761413,1.8633630076311865
jkonet,full,GoM,1,interp,2,0.6039327424743053,2.3397594405028075
jkonet,full,GoM,1,interp,3,0.6917924774315884,2.545836996886471
jkonet,full,GoM,1,interp,4,0.6584324762040528,2.4421158186035337
jkonet,full,GoM,1,interp,5,0.7235885710735166,2.140260333203721
jkonet,full,GoM,1,interp,6,0.837591051808826,1.6186357155163074
jkonet,full,GoM,1,interp,7,1.0239763456616717,1.1024359357156917
jkonet,full,GoM,1,interp,8,1.0448516573225148,0.7555026284516164
jkonet,full-1step,GoM,1,forecast,-1,0.7476075972026239,0.3241550449108095
jkonet,full-1step,GoM,1,interp,0,0.5951586721073057,0.779154602715601
jkonet,full-1step,GoM,1,interp,1,0.8924534865990252,0.19146456853569538
jkonet,full-1step,GoM,1,interp,2,0.5788992562878998,0.13476877226785675
jkonet,full-1step,GoM,1,interp,3,0.7304094256427796,0.21313623090426415
jkonet,full-1step,GoM,1,interp,4,0.6650616673146805,0.14681555584801892
jkonet,full-1step,GoM,1,interp,5,0.6837391611853854,0.12820515195707477
jkonet,full-1step,GoM,1,interp,6,0.7035491725725362,0.16050913392796431
jkonet,full-1step,GoM,1,interp,7,0.3516080954579666,0.11361953427796785
jkonet,full-1step,GoM,1,interp,8,0.42521820190538184,0.1346061689131995
jkonet,full,GoM,2,forecast,-1,0.5075785295946583,3.361355874699571
jkonet,full,GoM,2,interp,0,0.4365341294909984,2.624086331600921
jkonet,full,GoM,2,interp,1,0.4311760301716381,5.338056902390173
jkonet,full,GoM,2,interp,2,0.4379245368060076,5.489611214533157
jkonet,full,GoM,2,interp,3,0.45463871061519934,5.554543402044691
jkonet,full,GoM,2,interp,4,0.44507275094995347,5.371620387624627
jkonet,full,GoM,2,interp,5,0.4582703526748171,4.992076190925617
jkonet,full,GoM,2,interp,6,0.4713714756688534,4.425173569514872
jkonet,full,GoM,2,interp,7,0.5031487198308345,3.917666195936444
jkonet,full,GoM,2,interp,8,0.5001739044543076,3.5920521313336855
jkonet,full-1step,GoM,2,forecast,-1,0.5755225034204926,0.25146135629019184
jkonet,full-1step,GoM,2,interp,0,0.43673329234256025,2.6252131653939252
jkonet,full-1step,GoM,2,interp,1,0.8617933172641945,0.18234874701187223
jkonet,full-1step,GoM,2,interp,2,0.8019783602030401,0.21195809248536157
jkonet,full-1step,GoM,2,interp,3,0.7805580664090033,0.2517200668977306
jkonet,full-1step,GoM,2,interp,4,0.7479938330913767,0.20016626080408034
jkonet,full-1step,GoM,2,interp,5,0.7911362552008518,0.19914565483103597
jkonet,full-1step,GoM,2,interp,6,0.7207739784950171,0.17593848663081604
jkonet,full-1step,GoM,2,interp,7,0.24185676123310973,0.09333310367750015
jkonet,full-1step,GoM,2,interp,8,0.09858967803337043,0.06203127169623071
jkonet,full,GoM,3,forecast,-1,0.5369692049658147,2.727015819724625
jkonet,full,GoM,3,interp,0,0.5788481927721456,0.6391732153274967
jkonet,full,GoM,3,interp,1,0.49155278131744035,1.649324854042787
jkonet,full,GoM,3,interp,2,0.5042126122587768,2.285968037932895
jkonet,full,GoM,3,interp,3,0.5374285393155793,2.711720878001526
jkonet,full,GoM,3,interp,4,0.5000159814260741,2.8295361954179703
jkonet,full,GoM,3,interp,5,0.5090810799748873,2.7210852934361816
jkonet,full,GoM,3,interp,6,0.5266915772710605,2.4323190355461275
jkonet,full,GoM,3,interp,7,0.5701289791649569,2.2574611756780754
jkonet,full,GoM,3,interp,8,0.5592204906827345,2.331953977808611
jkonet,full-1step,GoM,3,forecast,-1,0.2991621956178563,0.20271531001681406
jkonet,full-1step,GoM,3,interp,0,0.570238875578334,0.6403633850175775
jkonet,full-1step,GoM,3,interp,1,0.6170717334289342,0.1547595227531876
jkonet,full-1step,GoM,3,interp,2,0.24696362104448766,0.07722161470344062
jkonet,full-1step,GoM,3,interp,3,0.7303499858119437,0.19936465413945004
jkonet,full-1step,GoM,3,interp,4,0.6792644289679743,0.15764515398953413
jkonet,full-1step,GoM,3,interp,5,0.679572061019725,0.12817959391116737
jkonet,full-1step,GoM,3,interp,6,0.619292707974102,0.14417258029043728
jkonet,full-1step,GoM,3,interp,7,0.17515797681502843,0.07705418475862136
jkonet,full-1step,GoM,3,interp,8,0.11685340517064952,0.06434893337812236
jkonet,full,GoM,4,forecast,-1,0.5279636456524023,2.4194885807098387
jkonet,full,GoM,4,interp,0,0.5248628901116599,0.5610782411423467
jkonet,full,GoM,4,interp,1,0.4991005673362632,1.3458561306075678
jkonet,full,GoM,4,interp,2,0.5506568331364119,1.8785155986632456
jkonet,full,GoM,4,interp,3,0.5826619148513869,2.242345036425327
jkonet,full,GoM,4,interp,4,0.5360931810251824,2.396944889468658
jkonet,full,GoM,4,interp,5,0.5058389695763327,2.38490434351928
jkonet,full,GoM,4,interp,6,0.5029519531637932,2.1857779456614743
jkonet,full,GoM,4,interp,7,0.5475374048011047,2.067326496871736
jkonet,full,GoM,4,interp,8,0.5340214090885783,2.1206730115338828
jkonet,full-1step,GoM,4,forecast,-1,0.312007672206732,0.21135942694456752
jkonet,full-1step,GoM,4,interp,0,0.5228566817806533,0.5613735549150728
jkonet,full-1step,GoM,4,interp,1,0.6244754540005724,0.16310329726270148
jkonet,full-1step,GoM,4,interp,2,0.7518560309872879,0.17623504367288048
jkonet,full-1step,GoM,4,interp,3,0.8489204802606547,0.27081908339241323
jkonet,full-1step,GoM,4,interp,4,0.5749291591626979,0.28787353430884527
jkonet,full-1step,GoM,4,interp,5,0.49013490026411016,0.1439251651488247
jkonet,full-1step,GoM,4,interp,6,0.41369408148008147,0.12294775955925573
jkonet,full-1step,GoM,4,interp,7,0.11753633712390699,0.06780376314938284
jkonet,full-1step,GoM,4,interp,8,0.03759813265541051,0.04073776235369826
jkonet,full,GoM,40,forecast,-1,0.4712490008957583,5.872477736310124
jkonet,full,GoM,40,interp,0,0.5796300475688765,0.3831666708440201
jkonet,full,GoM,40,interp,1,0.4753514642870853,0.8369853953460841
jkonet,full,GoM,40,interp,2,0.47874078438864776,1.3285555351478362
jkonet,full,GoM,40,interp,3,0.45429084824690114,1.9860052041522662
jkonet,full,GoM,40,interp,4,0.43039147136861894,2.799312158507256
jkonet,full,GoM,40,interp,5,0.43264237814431356,3.5373108518163763
jkonet,full,GoM,40,interp,6,0.4386077584239872,4.064118331556588
jkonet,full,GoM,40,interp,7,0.4602746237918179,4.504510905326872
jkonet,full,GoM,40,interp,8,0.46578938247880236,4.954911951895964
jkonet,full-1step,GoM,40,forecast,-1,0.283698855306299,0.20444801252470726
jkonet,full-1step,GoM,40,interp,0,0.5778012066128249,0.3834490682932913
jkonet,full-1step,GoM,40,interp,1,0.6643994633915893,0.1421307317169621
jkonet,full-1step,GoM,40,interp,2,0.7803946261978709,0.2236581190715204
jkonet,full-1step,GoM,40,interp,3,0.7941323484854318,0.270037437305734
jkonet,full-1step,GoM,40,interp,4,0.7154666831955295,0.1614094848972564
jkonet,full-1step,GoM,40,interp,5,0.7196987139943957,0.15769199459408595
jkonet,full-1step,GoM,40,interp,6,0.727602730743126,0.1627329587768689
jkonet,full-1step,GoM,40,interp,7,0.11870097365311044,0.06536500119729492
jkonet,full-1step,GoM,40,interp,8,0.0516011933951524,0.054666296234955204
jkonet,full,GoM,41,forecast,-1,0.4674032856332006,6.3732221249119565
jkonet,full,GoM,41,interp,0,0.7416486607529573,0.49198161766548615
jkonet,full,GoM,41,interp,1,0.5280678044710868,1.301153014326116
jkonet,full,GoM,41,interp,2,0.46262001074379105,2.6357551063718674
jkonet,full,GoM,41,interp,3,0.43836913389403087,4.118579842798893
jkonet,full,GoM,41,interp,4,0.42597004308412667,4.589379586965685
jkonet,full,GoM,41,interp,5,0.4351427141687729,4.895498973986648
jkonet,full,GoM,41,interp,6,0.4427857503516186,5.11390517065909
jkonet,full,GoM,41,interp,7,0.465509294935872,5.37734947714754
jkonet,full,GoM,41,interp,8,0.46466224724251914,5.723974027207157
jkonet,full-1step,GoM,41,forecast,-1,0.6651672960730224,0.2824109926941503
jkonet,full-1step,GoM,41,interp,0,0.7349194557249401,0.4919925198393819
jkonet,full-1step,GoM,41,interp,1,0.7847780468274581,0.20426440105552426
jkonet,full-1step,GoM,41,interp,2,0.7515925617947845,0.1724405132735467
jkonet,full-1step,GoM,41,interp,3,0.7189326624039135,0.2080672248902471
jkonet,full-1step,GoM,41,interp,4,0.7151042740221318,0.191749115291021
jkonet,full-1step,GoM,41,interp,5,0.7087916228724211,0.16220927595394435
jkonet,full-1step,GoM,41,interp,6,0.6581876111630616,0.1589753300144288
jkonet,full-1step,GoM,41,interp,7,0.2080408680560577,0.08207639043666755
jkonet,full-1step,GoM,41,interp,8,0.15830274271040473,0.08727141234537672
jkonet,full,GoM,42,forecast,-1,0.5564558706090017,23.260968378967743
jkonet,full,GoM,42,interp,0,0.6575712872172506,0.47289441790832737
jkonet,full,GoM,42,interp,1,0.46958335009685337,2.315731902317327
jkonet,full,GoM,42,interp,2,0.47430269714274415,5.281249311186603
jkonet,full,GoM,42,interp,3,0.4455544995319125,8.621463877815328
jkonet,full,GoM,42,interp,4,0.4276010891726075,11.529291329123737
jkonet,full,GoM,42,interp,5,0.4861685738266932,13.75525043807479
jkonet,full,GoM,42,interp,6,0.4690210449966221,15.727302931439784
jkonet,full,GoM,42,interp,7,0.5771628923023779,17.667379171292122
jkonet,full,GoM,42,interp,8,0.5624439534194242,19.772383001893
jkonet,full-1step,GoM,42,forecast,-1,0.7850642892974052,0.3290366091962199
jkonet,full-1step,GoM,42,interp,0,0.6556261962393316,0.4723866967074808
jkonet,full-1step,GoM,42,interp,1,0.7099346028037098,0.21109876864807844
jkonet,full-1step,GoM,42,interp,2,0.7211684124226165,0.1911494607185883
jkonet,full-1step,GoM,42,interp,3,0.729546338269401,0.22002798289038286
jkonet,full-1step,GoM,42,interp,4,0.6936377578861228,0.19475038898686609
jkonet,full-1step,GoM,42,interp,5,0.7309876989106592,0.1723489958312012
jkonet,full-1step,GoM,42,interp,6,0.5999846956873961,0.1609207639809785
jkonet,full-1step,GoM,42,interp,7,0.18802411999142699,0.0783455709166104
jkonet,full-1step,GoM,42,interp,8,0.24566385246817224,0.11390897899978276
jkonet,full,GoM,43,forecast,-1,0.4797484264276444,3.90148362020009
jkonet,full,GoM,43,interp,0,0.5204467756518827,0.7376934473396805
jkonet,full,GoM,43,interp,1,0.47927758398141684,1.8940330288166611
jkonet,full,GoM,43,interp,2,0.48286332879755456,2.6148363932425687
jkonet,full,GoM,43,interp,3,0.48550243729210923,3.154027084499667
jkonet,full,GoM,43,interp,4,0.4565161513001635,3.468468854009185
jkonet,full,GoM,43,interp,5,0.4605764993415867,3.5487500226575595
jkonet,full,GoM,43,interp,6,0.4669904112885009,3.4643461615210724
jkonet,full,GoM,43,interp,7,0.4896937909712325,3.404946949313049
jkonet,full,GoM,43,interp,8,0.48178217628853653,3.5668180471481907
jkonet,full-1step,GoM,43,forecast,-1,0.710268910296969,0.29412931917548446
jkonet,full-1step,GoM,43,interp,0,0.5218505035158129,0.7382923385758244
jkonet,full-1step,GoM,43,interp,1,0.7978401873692071,0.19470243942711377
jkonet,full-1step,GoM,43,interp,2,0.7561471179102148,0.1693871653370547
jkonet,full-1step,GoM,43,interp,3,0.73458238634375,0.21841589700539302
jkonet,full-1step,GoM,43,interp,4,0.7775969533537569,0.1989261244978511
jkonet,full-1step,GoM,43,interp,5,0.7665995497738627,0.166315167528566
jkonet,full-1step,GoM,43,interp,6,0.6568769979393466,0.1534192576666138
jkonet,full-1step,GoM,43,interp,7,0.23252115381324484,0.08717820539768979
jkonet,full-1step,GoM,43,interp,8,0.2082536340014544,0.09471433284696326
jkonet,full,GoM,44,forecast,-1,0.44070136965276363,5.532457601463287
jkonet,full,GoM,44,interp,0,0.5638386985282445,0.6990253358579688
jkonet,full,GoM,44,interp,1,0.5120583841812617,1.7556490540590757
jkonet,full,GoM,44,interp,2,0.5443667475418102,2.391777374135447
jkonet,full,GoM,44,interp,3,0.5632768631473604,2.8974476305336037
jkonet,full,GoM,44,interp,4,0.4935302563290331,3.204845911982667
jkonet,full,GoM,44,interp,5,0.4761567969707362,3.5025673642854778
jkonet,full,GoM,44,interp,6,0.4674789614532111,3.8327552706358703
jkonet,full,GoM,44,interp,7,0.4736886553667027,4.242944781979339
jkonet,full,GoM,44,interp,8,0.4569067291776484,4.64405671335463
jkonet,full-1step,GoM,44,forecast,-1,0.7735040066339769,0.32745073399201047
jkonet,full-1step,GoM,44,interp,0,0.5622918793770781,0.6985801721030365
jkonet,full-1step,GoM,44,interp,1,0.9263963414327459,0.20763808913677145
jkonet,full-1step,GoM,44,interp,2,0.5368737360555718,0.14558654705992705
jkonet,full-1step,GoM,44,interp,3,0.7069868066361193,0.17663226877592322
jkonet,full-1step,GoM,44,interp,4,0.7644705291545129,0.239187419235431
jkonet,full-1step,GoM,44,interp,5,0.77972545505236,0.21722772391848114
jkonet,full-1step,GoM,44,interp,6,0.5884208911131213,0.16652761193901944
jkonet,full-1step,GoM,44,interp,7,0.12473042037130139,0.06341121279033969
jkonet,full-1step,GoM,44,interp,8,0.29538042008325655,0.11321045606530382
jkonet,full,GoM,5,forecast,-1,0.49094552904042754,3.8989922267825636
jkonet,full,GoM,5,interp,0,0.516628195353831,0.988679276369406
jkonet,full,GoM,5,interp,1,0.4681011026395423,2.423906504589908
jkonet,full,GoM,5,interp,2,0.46934798925434484,3.218777341489872
jkonet,full,GoM,5,interp,3,0.47817332263742063,3.8109541734062136
jkonet,full,GoM,5,interp,4,0.44868845993486983,4.067672155233772
jkonet,full,GoM,5,interp,5,0.45602616877316327,4.076294771143429
jkonet,full,GoM,5,interp,6,0.4670234245701772,3.8611856589693723
jkonet,full,GoM,5,interp,7,0.498931235864982,3.672349487837378
jkonet,full,GoM,5,interp,8,0.48948198893585426,3.6445603781002687
jkonet,full-1step,GoM,5,forecast,-1,0.3665875688901057,0.20448333007268027
jkonet,full-1step,GoM,5,interp,0,0.5139706690336641,0.9893257562116607
jkonet,full-1step,GoM,5,interp,1,0.7322003606290057,0.17231572793460703
jkonet,full-1step,GoM,5,interp,2,0.6936487244315515,0.1608580928056759
jkonet,full-1step,GoM,5,interp,3,0.7102661541710145,0.20064840362708553
jkonet,full-1step,GoM,5,interp,4,0.7429595162271558,0.18442179136694511
jkonet,full-1step,GoM,5,interp,5,0.8032557555317019,0.17164833058019743
jkonet,full-1step,GoM,5,interp,6,0.6830178348286577,0.17515366437945243
jkonet,full-1step,GoM,5,interp,7,0.22480032785563386,0.08859862952072749
jkonet,full-1step,GoM,5,interp,8,0.10845506164273172,0.06553697659434961
jkonet,full,LV,1,forecast,-1,1.411043061958438,92.42636935929659
jkonet,full,LV,1,interp,0,1.36593415954522,4.897344362236533
jkonet,full,LV,1,interp,1,1.2686215464891135,11.344194795945162
jkonet,full,LV,1,interp,2,1.2331912892306789,15.152989160014158
jkonet,full,LV,1,interp,3,1.201628797321423,20.21013562470914
jkonet,full,LV,1,interp,4,1.299184972773049,27.957370284106794
jkonet,full,LV,1,interp,5,1.3719431145961936,37.77978414435852
jkonet,full,LV,1,interp,6,1.4052647284179913,48.68992646667029
jkonet,full,LV,1,interp,7,1.410636984645011,60.581440823270555
jkonet,full,LV,1,interp,8,1.4076802935543546,73.4222792199056
jkonet,full,LV,2,forecast,-1,1.4105939880591143,18.358231811902566
jkonet,full,LV,2,interp,0,1.1413039539317653,5.611160057827635
jkonet,full,LV,2,interp,1,1.1562859692499723,11.357982239001721
jkonet,full,LV,2,interp,2,1.2125927866824497,12.358393295175365
jkonet,full,LV,2,interp,3,1.2547911839019443,13.271894742819864
jkonet,full,LV,2,interp,4,1.3357691180211364,14.101452950546047
jkonet,full,LV,2,interp,5,1.2999662774192629,14.615339772258787
jkonet,full,LV,2,interp,6,1.3749415747841125,14.734087639767361
jkonet,full,LV,2,interp,7,1.4075579574778865,14.277121708783953
jkonet,full,LV,2,interp,8,1.4067939640170901,13.894848154058458
jkonet,full,LV,3,forecast,-1,0.7966306062257975,53.14706720385737
jkonet,full,LV,3,interp,0,0.9559818569930568,5.113339834376962
jkonet,full,LV,3,interp,1,0.8190917106977811,11.827004264186538
jkonet,full,LV,3,interp,2,0.7020868457205203,15.351310123527547
jkonet,full,LV,3,interp,3,0.6661468604149199,18.463813581748703
jkonet,full,LV,3,interp,4,0.7671324465695144,21.44266531126522
jkonet,full,LV,3,interp,5,0.8476396501287002,24.371392641660513
jkonet,full,LV,3,interp,6,0.9098316431328399,27.663713007256497
jkonet,full,LV,3,interp,7,0.9408449482351043,32.17206415310033
jkonet,full,LV,3,interp,8,0.7004692711785523,38.754096189428324
jkonet,full,LV,4,forecast,-1,1.37321748604993,29.69435399151864
jkonet,full,LV,4,interp,0,1.1560622952848698,5.3315807144118885
jkonet,full,LV,4,interp,1,1.1505460404177394,11.609805736191978
jkonet,full,LV,4,interp,2,1.1421258498390239,13.856570125130125
jkonet,full,LV,4,interp,3,1.1263843296030478,15.745124128461859
jkonet,full,LV,4,interp,4,1.1867559393256788,17.483089871202893
jkonet,full,LV,4,interp,5,1.2425015467328595,18.98192105240158
jkonet,full,LV,4,interp,6,1.299751616534321,20.231181149303982
jkonet,full,LV,4,interp,7,1.3428699566908746,21.439425196267177
jkonet,full,LV,4,interp,8,1.3516386977453763,23.37222179343252
jkonet,full,LV,40,forecast,-1,1.2873498977702138,17.232865707217137
jkonet,full,LV,40,interp,0,0.8107430081318242,5.091800919233601
jkonet,full,LV,40,interp,1,0.6566254873557821,10.452770069556566
jkonet,full,LV,40,interp,2,0.5814236661830733,11.475312028836546
jkonet,full,LV,40,interp,3,0.5629292616785044,12.282199686610811
jkonet,full,LV,40,interp,4,0.656585290779287,13.060380466481936
jkonet,full,LV,40,interp,5,0.7821573712417487,13.591871003144822
jkonet,full,LV,40,interp,6,0.9688423733523861,13.62363161438068
jkonet,full,LV,40,interp,7,1.120567329147812,13.023290662744841
jkonet,full,LV,40,interp,8,1.1908091298680081,12.638650809167117
jkonet,full,LV,41,forecast,-1,1.4005633223897955,22.273213529054352
jkonet,full,LV,41,interp,0,1.1211269863031363,5.191260899309503
jkonet,full,LV,41,interp,1,1.1293554356283735,11.045217146769076
jkonet,full,LV,41,interp,2,1.181599450944692,12.80021695356951
jkonet,full,LV,41,interp,3,1.201696671962075,14.213190095892202
jkonet,full,LV,41,interp,4,1.2883835988101333,15.440310748058174
jkonet,full,LV,41,interp,5,1.3378207186199131,16.336716970889622
jkonet,full,LV,41,interp,6,1.3837928821708063,16.76841789270605
jkonet,full,LV,41,interp,7,1.3955666951534247,16.744121340164547
jkonet,full,LV,41,interp,8,1.393480187589078,17.12846132903329
jkonet,full,LV,42,forecast,-1,1.1050200669996728,20.23375877143441
jkonet,full,LV,42,interp,0,1.0960088441496885,4.870085131904189
jkonet,full,LV,42,interp,1,0.9990888287492634,10.30920136767462
jkonet,full,LV,42,interp,2,0.9100993761925049,11.946627055876379
jkonet,full,LV,42,interp,3,0.8432604828187574,13.29452725694351
jkonet,full,LV,42,interp,4,0.8739229123407897,14.4722015371488
jkonet,full,LV,42,interp,5,0.9156257095287323,15.293327273448892
jkonet,full,LV,42,interp,6,1.0010687361377304,15.579679976253182
jkonet,full,LV,42,interp,7,1.0571516875391898,15.280163724906117
jkonet,full,LV,42,interp,8,1.0588226176309175,15.269686314118216
jkonet,full,LV,43,forecast,-1,1.4103118843640343,21.184285688180907
jkonet,full,LV,43,interp,0,0.7790198899051646,4.853026877410603
jkonet,full,LV,43,interp,1,0.7795946205927199,10.211289155815642
jkonet,full,LV,43,interp,2,1.0265368863439392,11.80390012626209
jkonet,full,LV,43,interp,3,1.190044579832034,13.197651483821902
jkonet,full,LV,43,interp,4,1.327452625200046,14.462017019275274
jkonet,full,LV,43,interp,5,1.3832166055141115,15.406275464582663
jkonet,full,LV,43,interp,6,1.4083830394624277,15.858100370468494
jkonet,full,LV,43,interp,7,1.4108000577901505,15.77291207050579
jkonet,full,LV,43,interp,8,1.406532903188385,16.00956637101797
jkonet,full,LV,44,forecast,-1,1.0210310464137355,17.139463318226714
jkonet,full,LV,44,interp,0,0.8945403699644452,4.687371433675626
jkonet,full,LV,44,interp,1,0.8287357750001814,9.781852028500081
jkonet,full,LV,44,interp,2,0.9280674553843723,11.157997892496882
jkonet,full,LV,44,interp,3,0.9486957649172717,12.269347923778835
jkonet,full,LV,44,interp,4,1.1936676614369341,13.188089085249878
jkonet,full,LV,44,interp,5,1.32527276553518,13.723762406877032
jkonet,full,LV,44,interp,6,1.3835081933610929,13.697416472244043
jkonet,full,LV,44,interp,7,1.399430471874494,13.04631253058225
jkonet,full,LV,44,interp,8,1.3988730960060753,12.658865319362935
jkonet,full,LV,5,forecast,-1,1.3941926296276281,19.75235042874637
jkonet,full,LV,5,interp,0,0.9939002799314995,4.537087587254581
jkonet,full,LV,5,interp,1,0.9127591546683202,9.560221869949649
jkonet,full,LV,5,interp,2,0.9589158982170064,11.15593553316407
jkonet,full,LV,5,interp,3,1.0247712225114332,12.581577445005797
jkonet,full,LV,5,interp,4,1.1589704868819477,13.876335154135383
jkonet,full,LV,5,interp,5,1.2569060126017582,14.80936129229556
jkonet,full,LV,5,interp,6,1.3420458131410782,15.168213280094415
jkonet,full,LV,5,interp,7,1.3743135938121092,14.859091774123094
jkonet,full,LV,5,interp,8,1.379596521063908,14.756109399946883
jkonet,full,ReprParam,1,forecast,-1,0.8993857173365947,37.9782406457541
jkonet,full,ReprParam,1,interp,0,0.7226818890816125,2.3154869550913606
jkonet,full,ReprParam,1,interp,1,0.7196549646017363,8.661473704097334
jkonet,full,ReprParam,1,interp,2,0.6278091121014775,12.27307253338591
jkonet,full,ReprParam,1,interp,3,0.9019811795780486,14.33813490737305
jkonet,full,ReprParam,1,interp,4,0.7023060819452366,16.866573024681227
jkonet,full,ReprParam,1,interp,5,0.6172014125444462,23.11187774501954
jkonet,full,ReprParam,1,interp,6,0.7662877767182927,26.94629195563799
jkonet,full,ReprParam,1,interp,7,0.6633698021472751,27.905675461139577
jkonet,full,ReprParam,1,interp,8,0.8821217263621013,30.12071053725026
jkonet,full,ReprParam,2,forecast,-1,0.49889271516798556,37.26897395719007
jkonet,full,ReprParam,2,interp,0,0.48913865610432,3.1510011460003047
jkonet,full,ReprParam,2,interp,1,0.4446711278418143,8.673207300874278
jkonet,full,ReprParam,2,interp,2,0.4408115667076865,10.97989666776153
jkonet,full,ReprParam,2,interp,3,0.46449849278883054,12.457677145770143
jkonet,full,ReprParam,2,interp,4,0.4503601522811982,14.942539634809638
jkonet,full,ReprParam,2,interp,5,0.47012162994959455,20.918539998181195
jkonet,full,ReprParam,2,interp,6,0.5125975979459264,25.180077096183556
jkonet,full,ReprParam,2,interp,7,0.4527531986838386,26.624661282562556
jkonet,full,ReprParam,2,interp,8,0.4939273611827203,28.978910189757773
jkonet,full,ReprParam,3,forecast,-1,0.8951454813923945,41.25176421496337
jkonet,full,ReprParam,3,interp,0,0.5565105830396668,4.368142320525423
jkonet,full,ReprParam,3,interp,1,0.5546582743232535,12.82222526323501
jkonet,full,ReprParam,3,interp,2,0.6234736119749966,17.045596952223672
jkonet,full,ReprParam,3,interp,3,0.7400485608184446,18.956846541362044
jkonet,full,ReprParam,3,interp,4,0.6814860450161331,20.21149193961276
jkonet,full,ReprParam,3,interp,5,0.8295039845253211,26.452074821843965
jkonet,full,ReprParam,3,interp,6,0.9214524580967446,31.019583146522034
jkonet,full,ReprParam,3,interp,7,0.7377609773579688,32.815331753692234
jkonet,full,ReprParam,3,interp,8,0.8672083822812715,33.611662119279096
jkonet,full,ReprParam,4,forecast,-1,1.042624887374917,35.253870700318245
jkonet,full,ReprParam,4,interp,0,0.8320124395309005,4.665799597574008
jkonet,full,ReprParam,4,interp,1,1.0105790416283378,12.721120192726756
jkonet,full,ReprParam,4,interp,2,0.9795183521744075,15.946095140458137
jkonet,full,ReprParam,4,interp,3,0.9712676509638155,17.105219634489064
jkonet,full,ReprParam,4,interp,4,0.9035666414837316,17.693313250190844
jkonet,full,ReprParam,4,interp,5,1.0332777398479904,23.021470243940637
jkonet,full,ReprParam,4,interp,6,1.0499472014251512,26.863659233534847
jkonet,full,ReprParam,4,interp,7,1.0053395265691445,28.23924678748591
jkonet,full,ReprParam,4,interp,8,1.0432024766522674,28.684431996234107
jkonet,full,ReprParam,40,forecast,-1,1.0728143500754894,31.530814922141843
jkonet,full,ReprParam,40,interp,0,0.5799866135313778,2.7974908594110643
jkonet,full,ReprParam,40,interp,1,0.6069156176184056,9.05862239817466
jkonet,full,ReprParam,40,interp,2,0.8423533517673849,12.310326707715006
jkonet,full,ReprParam,40,interp,3,1.01627312649,13.19912635092213
jkonet,full,ReprParam,40,interp,4,0.8310743921021977,13.989906376463944
jkonet,full,ReprParam,40,interp,5,0.9385545540381921,19.644273487585302
jkonet,full,ReprParam,40,interp,6,1.0362453003053,23.16959889345306
jkonet,full,ReprParam,40,interp,7,0.8355412162048215,23.56192863095904
jkonet,full,ReprParam,40,interp,8,1.0360071835481404,24.342666061981074
jkonet,full,ReprParam,41,forecast,-1,0.8825140774614537,49.200537205054324
jkonet,full,ReprParam,41,interp,0,0.5488506611818591,1.706969796636133
jkonet,full,ReprParam,41,interp,1,0.4809874521160599,7.898678176372876
jkonet,full,ReprParam,41,interp,2,0.5872095330377228,13.317507292204814
jkonet,full,ReprParam,41,interp,3,0.6461236181996175,16.347925368517096
jkonet,full,ReprParam,41,interp,4,0.5635031412416339,20.27337438966181
jkonet,full,ReprParam,41,interp,5,0.7857445910865091,28.030287420454567
jkonet,full,ReprParam,41,interp,6,0.9230352207342161,33.32677937418339
jkonet,full,ReprParam,41,interp,7,0.7015534155591974,35.37404276417275
jkonet,full,ReprParam,41,interp,8,0.8622160549657165,38.755676381386436
jkonet,full,ReprParam,42,forecast,-1,0.5422727363055854,38.07627391885967
jkonet,full,ReprParam,42,interp,0,0.6621147841920937,4.848754622157143
jkonet,full,ReprParam,42,interp,1,0.5008487751962504,13.48440189668978
jkonet,full,ReprParam,42,interp,2,0.5062677382913706,16.84994075300692
jkonet,full,ReprParam,42,interp,3,0.544787565188685,17.615899999604345
jkonet,full,ReprParam,42,interp,4,0.49566954860110396,19.354557729543142
jkonet,full,ReprParam,42,interp,5,0.5626465245458633,25.18013460680667
jkonet,full,ReprParam,42,interp,6,0.6041314483534281,28.631647107560124
jkonet,full,ReprParam,42,interp,7,0.475639748258579,28.990076622181842
jkonet,full,ReprParam,42,interp,8,0.5561626992354466,30.40048081535542
jkonet,full,ReprParam,43,forecast,-1,1.045587026132677,27.375246501334157
jkonet,full,ReprParam,43,interp,0,0.6344766404438064,2.649437101919085
jkonet,full,ReprParam,43,interp,1,0.5223707390015775,8.668405358187734
jkonet,full,ReprParam,43,interp,2,0.49942770137307974,11.593502286779561
jkonet,full,ReprParam,43,interp,3,0.5718284832274662,12.276896325397882
jkonet,full,ReprParam,43,interp,4,0.5355902421234029,13.090923002613433
jkonet,full,ReprParam,43,interp,5,0.6720287747886955,18.101823579912075
jkonet,full,ReprParam,43,interp,6,0.8105075149338568,21.22121783752411
jkonet,full,ReprParam,43,interp,7,0.7056267504952463,21.666967888920425
jkonet,full,ReprParam,43,interp,8,0.931740236846061,21.59013812102138
jkonet,full,ReprParam,44,forecast,-1,1.3106578681123568,30.076444969827847
jkonet,full,ReprParam,44,interp,0,0.7723060192961452,4.879972889651317
jkonet,full,ReprParam,44,interp,1,0.6613502926054498,13.186552759850183
jkonet,full,ReprParam,44,interp,2,0.8084329212900757,16.077991514690446
jkonet,full,ReprParam,44,interp,3,1.0502714278792036,16.578352488231435
jkonet,full,ReprParam,44,interp,4,0.9970267722527,16.542537250404553
jkonet,full,ReprParam,44,interp,5,1.2345797357009336,21.437004533208018
jkonet,full,ReprParam,44,interp,6,1.3268226847345317,24.54974752788734
jkonet,full,ReprParam,44,interp,7,1.2044696646093156,24.89155281321387
jkonet,full,ReprParam,44,interp,8,1.3274432996746683,24.38186788979568
jkonet,full,ReprParam,5,forecast,-1,1.424093883332447,31.497742707559993
jkonet,full,ReprParam,5,interp,0,0.7134665417074892,3.6672316622407983
jkonet,full,ReprParam,5,interp,1,0.7721026301637111,10.983707763203245
jkonet,full,ReprParam,5,interp,2,0.7202999467064988,13.801455406531606
jkonet,full,ReprParam,5,interp,3,1.0659784331914202,14.402840765766417
jkonet,full,ReprParam,5,interp,4,1.2562217152885462,15.659526314298729
jkonet,full,ReprParam,5,interp,5,1.3836867746446178,21.01529188363292
jkonet,full,ReprParam,5,interp,6,1.416852154186157,24.17794430692983
jkonet,full,ReprParam,5,interp,7,1.3946828266211875,24.42704649757713
jkonet,full,ReprParam,5,interp,8,1.4216317635038929,24.96934271442664
jkonet,full,ReprProtein,1,forecast,-1,1.3652367181705451,21.337256066278254
jkonet,full,ReprProtein,1,interp,0,0.7876563404832659,6.8102790850053045
jkonet,full,ReprProtein,1,interp,1,0.5571189462636947,9.159275861319815
jkonet,full,ReprProtein,1,interp,2,0.5715037166017746,10.388709887564918
jkonet,full,ReprProtein,1,interp,3,0.8106891667468316,12.571831309406578
jkonet,full,ReprProtein,1,interp,4,1.1039739923347751,14.449453098675193
jkonet,full,ReprProtein,1,interp,5,1.189744124650447,15.95577472774169
jkonet,full,ReprProtein,1,interp,6,1.2885319807847468,16.709126867034094
jkonet,full,ReprProtein,1,interp,7,1.296469292594562,16.24766026611693
jkonet,full,ReprProtein,1,interp,8,1.2352918733679372,16.347704884108698
jkonet,full,ReprProtein,2,forecast,-1,0.6390652619466253,23.249189590455753
jkonet,full,ReprProtein,2,interp,0,0.6151703593523222,6.5326222552635596
jkonet,full,ReprProtein,2,interp,1,0.49748515431285456,9.390131037135879
jkonet,full,ReprProtein,2,interp,2,0.5510772290730378,11.407141121266383
jkonet,full,ReprProtein,2,interp,3,0.6222976360642386,13.880481700290757
jkonet,full,ReprProtein,2,interp,4,0.7181783292642554,15.866766420635265
jkonet,full,ReprProtein,2,interp,5,0.6953465487803473,17.451769952799197
jkonet,full,ReprProtein,2,interp,6,0.7129045366730042,18.241338514947273
jkonet,full,ReprProtein,2,interp,7,0.6499346811993411,17.894334054995568
jkonet,full,ReprProtein,2,interp,8,0.5588254531891597,18.101678876255928
jkonet,full,ReprProtein,3,forecast,-1,0.7083164476621652,31.422611564185278
jkonet,full,ReprProtein,3,interp,0,0.7013030312337118,5.462234969911868
jkonet,full,ReprProtein,3,interp,1,0.4559963086836974,7.441573477888849
jkonet,full,ReprProtein,3,interp,2,0.4427907964171905,11.119068028823303
jkonet,full,ReprProtein,3,interp,3,0.47172540347119435,15.322652015653789
jkonet,full,ReprProtein,3,interp,4,0.5453296500664336,18.975313699129103
jkonet,full,ReprProtein,3,interp,5,0.5623383786890415,22.20914286636258
jkonet,full,ReprProtein,3,interp,6,0.6487503820333347,24.378453346472156
jkonet,full,ReprProtein,3,interp,7,0.631492534971575,24.818914305518962
jkonet,full,ReprProtein,3,interp,8,0.5180138278833205,25.624812468505986
jkonet,full,ReprProtein,4,forecast,-1,1.4222406747954668,28.08813227631742
jkonet,full,ReprProtein,4,interp,0,0.7827941111895493,6.739881761364841
jkonet,full,ReprProtein,4,interp,1,0.6892843963094268,10.571752992983823
jkonet,full,ReprProtein,4,interp,2,0.803616376661326,12.75413107211451
jkonet,full,ReprProtein,4,interp,3,1.0411779486340458,15.366513087608002
jkonet,full,ReprProtein,4,interp,4,1.2375166071963126,17.71659947995953
jkonet,full,ReprProtein,4,interp,5,1.2920010763597167,20.019127126370922
jkonet,full,ReprProtein,4,interp,6,1.361870240741005,21.59110408942694
jkonet,full,ReprProtein,4,interp,7,1.372549951740985,21.967544956282673
jkonet,full,ReprProtein,4,interp,8,1.3392222300180294,22.5811795270812
jkonet,full,ReprProtein,40,forecast,-1,0.6742651736703276,27.23299156663654
jkonet,full,ReprProtein,40,interp,0,0.7526360978382839,6.2878180945947575
jkonet,full,ReprProtein,40,interp,1,0.4840231249646327,9.44061925163074
jkonet,full,ReprProtein,40,interp,2,0.4724949725090181,11.526606334774073
jkonet,full,ReprProtein,40,interp,3,0.6260217307893817,14.445601181989511
jkonet,full,ReprProtein,40,interp,4,0.7549971965300113,17.03391178914832
jkonet,full,ReprProtein,40,interp,5,0.7299491764913857,19.279597804947233
jkonet,full,ReprProtein,40,interp,6,0.7979575955538063,20.665651373062527
jkonet,full,ReprProtein,40,interp,7,0.7164668248346265,20.744467393632753
jkonet,full,ReprProtein,40,interp,8,0.5553768717566503,21.285375149992056
jkonet,full-1step,ReprProtein,40,forecast,-1,1.135315690441336,4.085686958980599
jkonet,full-1step,ReprProtein,40,interp,0,0.7471749312200529,6.287742104681527
jkonet,full-1step,ReprProtein,40,interp,1,0.5844711868486042,1.0877334279271627
jkonet,full-1step,ReprProtein,40,interp,2,0.7666808682007236,0.6786514638236233
jkonet,full-1step,ReprProtein,40,interp,3,0.5174400239627561,0.27842685373712356
jkonet,full-1step,ReprProtein,40,interp,4,0.293158763471028,0.41510230451159724
jkonet,full-1step,ReprProtein,40,interp,5,0.1224360730311127,0.20101191258554796
jkonet,full-1step,ReprProtein,40,interp,6,0.3681237291878165,0.805229645731913
jkonet,full-1step,ReprProtein,40,interp,7,0.16766259903988956,0.8668831916466144
jkonet,full-1step,ReprProtein,40,interp,8,0.38147471204451955,0.6528555974059775
jkonet,full,ReprProtein,41,forecast,-1,0.467732828479096,19.37364186051964
jkonet,full,ReprProtein,41,interp,0,0.6471523307998526,5.205664063634199
jkonet,full,ReprProtein,41,interp,1,0.4741412260568836,7.051949088789846
jkonet,full,ReprProtein,41,interp,2,0.5341377046359951,9.523945436520703
jkonet,full,ReprProtein,41,interp,3,0.5044641601100789,12.116971979526724
jkonet,full,ReprProtein,41,interp,4,0.5134873361286943,14.279671429254908
jkonet,full,ReprProtein,41,interp,5,0.4719510532722249,16.143321854985366
jkonet,full,ReprProtein,41,interp,6,0.48007860771325345,16.947181269462476
jkonet,full,ReprProtein,41,interp,7,0.4531675913223681,15.910444855780156
jkonet,full,ReprProtein,41,interp,8,0.42629402219200563,15.30598432349451
jkonet,full-1step,ReprProtein,41,forecast,-1,1.1211674734372692,4.004315440720877
jkonet,full-1step,ReprProtein,41,interp,0,0.6520333389254149,5.205039483635555
jkonet,full-1step,ReprProtein,41,interp,1,0.5675856287217879,1.5448773045571658
jkonet,full-1step,ReprProtein,41,interp,2,0.6612614317841922,0.6498407675677847
jkonet,full-1step,ReprProtein,41,interp,3,0.4972051777256711,0.2750812905424319
jkonet,full-1step,ReprProtein,41,interp,4,0.3986368820676484,0.4956511860105471
jkonet,full-1step,ReprProtein,41,interp,5,0.10973369420073487,0.2306423889253687
jkonet,full-1step,ReprProtein,41,interp,6,0.3468653937628913,0.8260098880060732
jkonet,full-1step,ReprProtein,41,interp,7,0.1516474826338639,0.8475085077520248
jkonet,full-1step,ReprProtein,41,interp,8,0.39699307725998334,0.6860289833940777
jkonet,full,ReprProtein,42,forecast,-1,0.708835606747788,24.177293832281453
jkonet,full,ReprProtein,42,interp,0,0.6486768660288343,5.65285015166602
jkonet,full,ReprProtein,42,interp,1,0.48797796491347095,7.599064970786574
jkonet,full,ReprProtein,42,interp,2,0.514539854652202,9.715769689902523
jkonet,full,ReprProtein,42,interp,3,0.5793292855723169,12.241698282066858
jkonet,full,ReprProtein,42,interp,4,0.6901892586530931,14.444150787094806
jkonet,full,ReprProtein,42,interp,5,0.6829699759927147,16.405644420567047
jkonet,full,ReprProtein,42,interp,6,0.7459592735601535,17.642779441678332
jkonet,full,ReprProtein,42,interp,7,0.6969265835783284,17.924908403980027
jkonet,full,ReprProtein,42,interp,8,0.569294638174063,18.74894761452714
jkonet,full-1step,ReprProtein,42,forecast,-1,1.1736831780874302,4.254418821552538
jkonet,full-1step,ReprProtein,42,interp,0,0.6429659540800505,5.651573846980459
jkonet,full-1step,ReprProtein,42,interp,1,0.5875480027045749,1.3773456005716933
jkonet,full-1step,ReprProtein,42,interp,2,0.7112926185654882,0.7555451017920023
jkonet,full-1step,ReprProtein,42,interp,3,0.7393514393982834,0.3795995260074884
jkonet,full-1step,ReprProtein,42,interp,4,0.32570088057570035,0.4631944974703135
jkonet,full-1step,ReprProtein,42,interp,5,0.15894744212323714,0.22580098318207592
jkonet,full-1step,ReprProtein,42,interp,6,0.3694521990158085,0.7614969725904739
jkonet,full-1step,ReprProtein,42,interp,7,0.15464161518212005,0.8210971964162432
jkonet,full-1step,ReprProtein,42,interp,8,0.3815853074359202,0.7546643890109548
jkonet,full,ReprProtein,43,forecast,-1,0.5891233033357253,28.75967911380418
jkonet,full,ReprProtein,43,interp,0,0.6947950573930237,6.09687718146938
jkonet,full,ReprProtein,43,interp,1,0.45746041699002926,9.632728346808932
jkonet,full,ReprProtein,43,interp,2,0.4477559282426067,12.48192786210505
jkonet,full,ReprProtein,43,interp,3,0.47449553397826266,15.810117265176208
jkonet,full,ReprProtein,43,interp,4,0.523936354459453,18.743770247917844
jkonet,full,ReprProtein,43,interp,5,0.5149192610054424,21.185820408678943
jkonet,full,ReprProtein,43,interp,6,0.5519180450501086,22.655899181983695
jkonet,full,ReprProtein,43,interp,7,0.5358982731784399,22.653218351431985
jkonet,full,ReprProtein,43,interp,8,0.47977665190162405,23.087251391365037
jkonet,full-1step,ReprProtein,43,forecast,-1,1.1001524575048682,3.9038889465607243
jkonet,full-1step,ReprProtein,43,interp,0,0.6949002903574266,6.0967868062394475
jkonet,full-1step,ReprProtein,43,interp,1,0.5830523065395655,1.3150993343370891
jkonet,full-1step,ReprProtein,43,interp,2,0.7310982284408929,0.6360089109143933
jkonet,full-1step,ReprProtein,43,interp,3,0.40935865915099295,0.25166591356064394
jkonet,full-1step,ReprProtein,43,interp,4,0.31514330899202486,0.4414131219596146
jkonet,full-1step,ReprProtein,43,interp,5,0.10218371937040027,0.20461969749385225
jkonet,full-1step,ReprProtein,43,interp,6,0.3650279248656559,0.8653376334018041
jkonet,full-1step,ReprProtein,43,interp,7,0.16378382347539833,0.9073432565896681
jkonet,full-1step,ReprProtein,43,interp,8,0.38330234492356485,0.625500294043212
jkonet,full,ReprProtein,44,forecast,-1,0.5158014107847196,27.591468869643002
jkonet,full,ReprProtein,44,interp,0,0.681761318279858,5.9315477149232265
jkonet,full,ReprProtein,44,interp,1,0.4866230794885007,9.175323987909863
jkonet,full,ReprProtein,44,interp,2,0.46345377496916884,11.472816425175308
jkonet,full,ReprProtein,44,interp,3,0.48221901942514495,14.077090365237725
jkonet,full,ReprProtein,44,interp,4,0.49338573173385064,16.25836781110718
jkonet,full,ReprProtein,44,interp,5,0.4698327925271703,18.267118913948746
jkonet,full,ReprProtein,44,interp,6,0.4870210131810449,19.845221408738222
jkonet,full,ReprProtein,44,interp,7,0.47629585311316364,20.55587497204604
jkonet,full,ReprProtein,44,interp,8,0.445447936156244,21.672559134241624
jkonet,full-1step,ReprProtein,44,forecast,-1,1.096848860047544,3.721159893788168
jkonet,full-1step,ReprProtein,44,interp,0,0.6833522183911528,5.929642426865171
jkonet,full-1step,ReprProtein,44,interp,1,0.5801823297568425,1.0109697483617595
jkonet,full-1step,ReprProtein,44,interp,2,0.7451157106217743,0.7138632154007908
jkonet,full-1step,ReprProtein,44,interp,3,0.6634322679257196,0.34929788511780496
jkonet,full-1step,ReprProtein,44,interp,4,0.32584350296332004,0.4559618711810246
jkonet,full-1step,ReprProtein,44,interp,5,0.18180265558061814,0.24890493801164995
jkonet,full-1step,ReprProtein,44,interp,6,0.38251159627699594,0.8249212012792055
jkonet,full-1step,ReprProtein,44,interp,7,0.17650695012387863,0.8904094822241481
jkonet,full-1step,ReprProtein,44,interp,8,0.25478639030857997,0.5136318810406679
jkonet,full,ReprProtein,5,forecast,-1,1.0229789858305212,31.04975733782298
jkonet,full,ReprProtein,5,interp,0,0.7827463639003889,5.790583999076665
jkonet,full,ReprProtein,5,interp,1,0.6400026373092521,8.888670648075781
jkonet,full,ReprProtein,5,interp,2,0.6282326631214851,11.859751118041153
jkonet,full,ReprProtein,5,interp,3,0.6452542486175336,14.828899921900138
jkonet,full,ReprProtein,5,interp,4,0.811574437734671,17.722335882868943
jkonet,full,ReprProtein,5,interp,5,0.8691879249466804,20.489285084688913
jkonet,full,ReprProtein,5,interp,6,0.9677882862111457,22.59811573031432
jkonet,full,ReprProtein,5,interp,7,0.9241705686367989,23.74232875547707
jkonet,full,ReprProtein,5,interp,8,0.7425477591523431,25.1578195623366
jkonet,full-1step,ReprProtein,5,forecast,-1,1.116023409613555,4.418392618674944
jkonet,full-1step,ReprProtein,5,interp,0,0.780383084180129,5.789998945757994
jkonet,full-1step,ReprProtein,5,interp,1,0.6436386169338412,1.615175253556577
jkonet,full-1step,ReprProtein,5,interp,2,0.5139920740367405,0.2703873657935994
jkonet,full-1step,ReprProtein,5,interp,3,0.15120144146444975,0.16969774437037136
jkonet,full-1step,ReprProtein,5,interp,4,0.35103914376315387,0.439169408065133
jkonet,full-1step,ReprProtein,5,interp,5,0.034589297833367116,0.13888273802278392
jkonet,full-1step,ReprProtein,5,interp,6,0.2467581923492263,0.6962089229068259
jkonet,full-1step,ReprProtein,5,interp,7,0.12880722556227514,0.742798563808031
jkonet,full-1step,ReprProtein,5,interp,8,0.60264610885901,0.8202749303354862
jkonet,potential,GoM,1,forecast,-1,0.44298519438744866,6.898102967827397
jkonet,potential,GoM,1,interp,0,0.4595706971763049,0.8243309361688396
jkonet,potential,GoM,1,interp,1,0.4283325711127677,1.8571200237139058
jkonet,potential,GoM,1,interp,2,0.4311807520351054,2.276629253446526
jkonet,potential,GoM,1,interp,3,0.4451733152041581,2.517775433660509
jkonet,potential,GoM,1,interp,4,0.4302335182795813,2.9140526646215115
jkonet,potential,GoM,1,interp,5,0.4350617974326938,3.502467239476515
jkonet,potential,GoM,1,interp,6,0.4374275891126731,3.982099860191613
jkonet,potential,GoM,1,interp,7,0.4512737066596077,4.579113131773095
jkonet,potential,GoM,1,interp,8,0.44687178651018294,5.3607556448065115
jkonet,potential-1step,GoM,1,forecast,-1,0.5373822717190603,0.23411697423541863
jkonet,potential-1step,GoM,1,interp,0,0.4595706971763049,0.8243309361688396
jkonet,potential-1step,GoM,1,interp,1,0.7287314329238623,0.18097152946719955
jkonet,potential-1step,GoM,1,interp,2,0.6705201622774202,0.15212724061961883
jkonet,potential-1step,GoM,1,interp,3,0.7326771172716421,0.20669658451725956
jkonet,potential-1step,GoM,1,interp,4,0.7849087154171019,0.18932977620107924
jkonet,potential-1step,GoM,1,interp,5,0.7709928541523006,0.1783013731466813
jkonet,potential-1step,GoM,1,interp,6,0.6954874375985416,0.16743816804270376
jkonet,potential-1step,GoM,1,interp,7,0.20765043208077433,0.0828518202095793
jkonet,potential-1step,GoM,1,interp,8,0.167571695645843,0.07786914708926485
jkonet,potential,GoM,2,forecast,-1,0.7955954326323391,0.8420340888522092
jkonet,potential,GoM,2,interp,0,1.0750926107662298,0.3530537200147174
jkonet,potential,GoM,2,interp,1,0.9818311351008904,0.99366803775712
jkonet,potential,GoM,2,interp,2,0.8048165877953766,1.4984484771133482
jkonet,potential,GoM,2,interp,3,0.9618834753624768,1.8844101044470751
jkonet,potential,GoM,2,interp,4,0.8225721246441082,2.1337576366525868
jkonet,potential,GoM,2,interp,5,0.8245344711619768,2.0837185080496945
jkonet,potential,GoM,2,interp,6,1.006257134297661,1.7498346575510708
jkonet,potential,GoM,2,interp,7,1.141221831337154,1.3458347451674695
jkonet,potential,GoM,2,interp,8,1.1468177099281476,1.0321366505924827
jkonet,potential-1step,GoM,2,forecast,-1,0.5667135378052837,0.2260793025280804
jkonet,potential-1step,GoM,2,interp,0,1.0750926107662298,0.3530537200147174
jkonet,potential-1step,GoM,2,interp,1,0.728520774397099,0.17820689065274428
jkonet,potential-1step,GoM,2,interp,2,0.8031108267018767,0.1693963888193284
jkonet,potential-1step,GoM,2,interp,3,0.7431556623194573,0.23139746808030792
jkonet,potential-1step,GoM,2,interp,4,0.7642239957342805,0.19277013649066335
jkonet,potential-1step,GoM,2,interp,5,0.7580801645318449,0.16828650237767667
jkonet,potential-1step,GoM,2,interp,6,0.6900071042329843,0.15981198162361826
jkonet,potential-1step,GoM,2,interp,7,0.20191325407427307,0.08002205202740467
jkonet,potential-1step,GoM,2,interp,8,0.14777827515834985,0.08013339503357761
jkonet,potential,GoM,3,forecast,-1,0.4372079646308932,6.806232786603166
jkonet,potential,GoM,3,interp,0,0.44328970768702336,2.1355504294197925
jkonet,potential,GoM,3,interp,1,0.43865627561342163,4.447618736910527
jkonet,potential,GoM,3,interp,2,0.4453151109445465,4.694825761923602
jkonet,potential,GoM,3,interp,3,0.45922794986889554,4.744524643797799
jkonet,potential,GoM,3,interp,4,0.4474116889532674,4.591533660942641
jkonet,potential,GoM,3,interp,5,0.4431632994629349,4.498316374963001
jkonet,potential,GoM,3,interp,6,0.4389773784870811,4.630004306747054
jkonet,potential,GoM,3,interp,7,0.44703296106916945,5.0756613536040325
jkonet,potential,GoM,3,interp,8,0.4415797098575623,5.775668781911284
jkonet,potential-1step,GoM,3,forecast,-1,0.5529978517424738,0.24002472187536994
jkonet,potential-1step,GoM,3,interp,0,0.44328970768702336,2.1355504294197925
jkonet,potential-1step,GoM,3,interp,1,0.7815253044157154,0.1742920214286259
jkonet,potential-1step,GoM,3,interp,2,0.8164385019350998,0.17139320770869648
jkonet,potential-1step,GoM,3,interp,3,0.7891571196953372,0.24034984468770487
jkonet,potential-1step,GoM,3,interp,4,0.774787168502912,0.1970226133568002
jkonet,potential-1step,GoM,3,interp,5,0.7741549075086083,0.1655368013226511
jkonet,potential-1step,GoM,3,interp,6,0.6540110282720111,0.15875677011303635
jkonet,potential-1step,GoM,3,interp,7,0.18482730578274204,0.0762112532185522
jkonet,potential-1step,GoM,3,interp,8,0.13787108968128903,0.07524963821893216
jkonet,potential,GoM,4,forecast,-1,0.6502067414730566,1.357168835634032
jkonet,potential,GoM,4,interp,0,0.47303807797902964,1.0666288664832035
jkonet,potential,GoM,4,interp,1,0.4592579367529173,2.498750986006681
jkonet,potential,GoM,4,interp,2,0.48600060267940814,3.050409894241514
jkonet,potential,GoM,4,interp,3,0.5274703816106157,3.240797353931091
jkonet,potential,GoM,4,interp,4,0.509788391361144,3.080995925639777
jkonet,potential,GoM,4,interp,5,0.5340951452022702,2.723276529210094
jkonet,potential,GoM,4,interp,6,0.5716446899397215,2.188850437280585
jkonet,potential,GoM,4,interp,7,0.6432702831037499,1.7304677496137972
jkonet,potential,GoM,4,interp,8,0.6302396015006908,1.4755080538209178
jkonet,potential-1step,GoM,4,forecast,-1,0.5826280862888902,0.23686973966270802
jkonet,potential-1step,GoM,4,interp,0,0.47303807797902964,1.0666288664832035
jkonet,potential-1step,GoM,4,interp,1,0.8576439531924397,0.1859672287403159
jkonet,potential-1step,GoM,4,interp,2,0.7579250504433822,0.17406560195530135
jkonet,potential-1step,GoM,4,interp,3,0.762019516299248,0.23006344667765433
jkonet,potential-1step,GoM,4,interp,4,0.7728653520181886,0.19309487604854172
jkonet,potential-1step,GoM,4,interp,5,0.7394931730335765,0.165160303932281
jkonet,potential-1step,GoM,4,interp,6,0.6643069930495924,0.1620784100803064
jkonet,potential-1step,GoM,4,interp,7,0.2106575017529433,0.08265872361318406
jkonet,potential-1step,GoM,4,interp,8,0.1556751597768013,0.07861189581285467
jkonet,potential,GoM,40,forecast,-1,0.5608776952554324,4.675034111508018
jkonet,potential,GoM,40,interp,0,0.8230958122781231,0.46761757822633737
jkonet,potential,GoM,40,interp,1,0.5023260147884515,1.3221751138610243
jkonet,potential,GoM,40,interp,2,0.4544378408519372,2.2131264750758044
jkonet,potential,GoM,40,interp,3,0.45167965366434615,3.257979077016849
jkonet,potential,GoM,40,interp,4,0.44346025903337233,4.133838844433817
jkonet,potential,GoM,40,interp,5,0.46365447494172735,4.6394026790915746
jkonet,potential,GoM,40,interp,6,0.4805806079389915,4.717106379040539
jkonet,potential,GoM,40,interp,7,0.5119504158612734,4.659457420516589
jkonet,potential,GoM,40,interp,8,0.5256239150518072,4.627106300579566
jkonet,potential-1step,GoM,40,forecast,-1,0.48578114245742177,0.21817629170925282
jkonet,potential-1step,GoM,40,interp,0,0.8230958122781231,0.46761757822633737
jkonet,potential-1step,GoM,40,interp,1,0.6576272579956726,0.17297817352538652
jkonet,potential-1step,GoM,40,interp,2,0.7895493322191799,0.1782107216895879
jkonet,potential-1step,GoM,40,interp,3,0.781344113057552,0.24001220048978003
jkonet,potential-1step,GoM,40,interp,4,0.734579658355839,0.20110108260737133
jkonet,potential-1step,GoM,40,interp,5,0.8234089823296067,0.17337186723584844
jkonet,potential-1step,GoM,40,interp,6,0.7273077543998904,0.16943364421738238
jkonet,potential-1step,GoM,40,interp,7,0.21448359952350726,0.08476025814835603
jkonet,potential-1step,GoM,40,interp,8,0.11239870992580525,0.0666171002759095
jkonet,potential,GoM,41,forecast,-1,0.5109580267326636,6.723818919170393
jkonet,potential,GoM,41,interp,0,0.851395239030083,0.27257661067992167
jkonet,potential,GoM,41,interp,1,0.5193330152279969,1.0873262054747286
jkonet,potential,GoM,41,interp,2,0.46213053849255753,2.067427758577763
jkonet,potential,GoM,41,interp,3,0.45736218663092576,2.9314425470285177
jkonet,potential,GoM,41,interp,4,0.4443356573302299,3.743226947183519
jkonet,potential,GoM,41,interp,5,0.4556354930727632,4.475324749374873
jkonet,potential,GoM,41,interp,6,0.4691476296263513,4.995885881803844
jkonet,potential,GoM,41,interp,7,0.5037344446831171,5.41780094938645
jkonet,potential,GoM,41,interp,8,0.5049600170126023,5.885326217841635
jkonet,potential-1step,GoM,41,forecast,-1,0.5661434969341721,0.22888580332482686
jkonet,potential-1step,GoM,41,interp,0,0.851395239030083,0.27257661067992167
jkonet,potential-1step,GoM,41,interp,1,0.7615585333591881,0.18968302484722802
jkonet,potential-1step,GoM,41,interp,2,0.6417885670799541,0.1486794187757194
jkonet,potential-1step,GoM,41,interp,3,0.7051491034181803,0.18897271773916832
jkonet,potential-1step,GoM,41,interp,4,0.7204177186649814,0.1963224048615651
jkonet,potential-1step,GoM,41,interp,5,0.7551085355267639,0.1853673970997409
jkonet,potential-1step,GoM,41,interp,6,0.7727318434062899,0.18546909295702316
jkonet,potential-1step,GoM,41,interp,7,0.2793125086521513,0.09758967331634615
jkonet,potential-1step,GoM,41,interp,8,0.19741821614828897,0.08447202542412438
jkonet,potential,GoM,42,forecast,-1,0.4367860059792438,5.821189530004422
jkonet,potential,GoM,42,interp,0,0.647791567017698,0.48841366858499735
jkonet,potential,GoM,42,interp,1,0.5374514777229082,1.239254599162877
jkonet,potential,GoM,42,interp,2,0.546285665457724,1.826298635050055
jkonet,potential,GoM,42,interp,3,0.5779147373866792,2.4399759786781057
jkonet,potential,GoM,42,interp,4,0.5347536164490172,2.9141337657804973
jkonet,potential,GoM,42,interp,5,0.4605101916107811,3.4412427102237704
jkonet,potential,GoM,42,interp,6,0.4379355211852095,3.8625835873145813
jkonet,potential,GoM,42,interp,7,0.4449214751838399,4.316156758264448
jkonet,potential,GoM,42,interp,8,0.44036034777922073,4.8191383645788894
jkonet,potential-1step,GoM,42,forecast,-1,0.4862013684891754,0.22263114506498158
jkonet,potential-1step,GoM,42,interp,0,0.647791567017698,0.48841366858499735
jkonet,potential-1step,GoM,42,interp,1,0.7669696956018821,0.1584205174165949
jkonet,potential-1step,GoM,42,interp,2,0.8364110156457605,0.18127639457604297
jkonet,potential-1step,GoM,42,interp,3,0.7666336667117699,0.26740049632959484
jkonet,potential-1step,GoM,42,interp,4,0.7520440256242265,0.20801005556358948
jkonet,potential-1step,GoM,42,interp,5,0.7619356989014056,0.16820564666604043
jkonet,potential-1step,GoM,42,interp,6,0.6223911063477481,0.15550638305289083
jkonet,potential-1step,GoM,42,interp,7,0.11824769414115888,0.062229581534039013
jkonet,potential-1step,GoM,42,interp,8,0.07866729066814848,0.06249337414244013
jkonet,potential,GoM,43,forecast,-1,0.4647093016651231,3.9141224295197357
jkonet,potential,GoM,43,interp,0,0.4533332365522685,1.4618543901548393
jkonet,potential,GoM,43,interp,1,0.44257737889202814,3.291442259231224
jkonet,potential,GoM,43,interp,2,0.44590560608167135,3.888610165619825
jkonet,potential,GoM,43,interp,3,0.4530521331601395,4.245692157942797
jkonet,potential,GoM,43,interp,4,0.4370385441927651,4.36624107404592
jkonet,potential,GoM,43,interp,5,0.4446336494922475,4.306804724010649
jkonet,potential,GoM,43,interp,6,0.45123695515949297,4.15158336079138
jkonet,potential,GoM,43,interp,7,0.47133927498445577,3.963370308482936
jkonet,potential,GoM,43,interp,8,0.46652241870542255,3.8666856705423687
jkonet,potential-1step,GoM,43,forecast,-1,0.6041690679883808,0.24982706185687326
jkonet,potential-1step,GoM,43,interp,0,0.4533332365522685,1.4618543901548393
jkonet,potential-1step,GoM,43,interp,1,0.7931190864953455,0.1737882989247394
jkonet,potential-1step,GoM,43,interp,2,0.7698262615768721,0.16380472603187662
jkonet,potential-1step,GoM,43,interp,3,0.7501642306268799,0.23224445781331576
jkonet,potential-1step,GoM,43,interp,4,0.7679720235875429,0.1964457935523263
jkonet,potential-1step,GoM,43,interp,5,0.77817145271847,0.16136886697082503
jkonet,potential-1step,GoM,43,interp,6,0.6511432516509994,0.15456434762704394
jkonet,potential-1step,GoM,43,interp,7,0.2157401501451503,0.08331885348362983
jkonet,potential-1step,GoM,43,interp,8,0.15968668708321654,0.08208055482640007
jkonet,potential,GoM,44,forecast,-1,0.46653241906196374,3.3948996331395955
jkonet,potential,GoM,44,interp,0,0.44746351657679634,1.7149188478983375
jkonet,potential,GoM,44,interp,1,0.4392737499203686,3.7558330559373774
jkonet,potential,GoM,44,interp,2,0.44476910085495525,4.270581537917457
jkonet,potential,GoM,44,interp,3,0.4534155188716201,4.49933187418266
jkonet,potential,GoM,44,interp,4,0.4389277020233018,4.376745451065869
jkonet,potential,GoM,44,interp,5,0.4467413080959507,4.124408891720215
jkonet,potential,GoM,44,interp,6,0.4531176767844416,3.82342774261825
jkonet,potential,GoM,44,interp,7,0.473229989078055,3.538861714886493
jkonet,potential,GoM,44,interp,8,0.46862009647540537,3.406734665813206
jkonet,potential-1step,GoM,44,forecast,-1,0.5739945424618104,0.25651137453850226
jkonet,potential-1step,GoM,44,interp,0,0.44746351657679634,1.7149188478983375
jkonet,potential-1step,GoM,44,interp,1,0.8091751207330439,0.16184024519993057
jkonet,potential-1step,GoM,44,interp,2,0.845201257328968,0.18617634680027134
jkonet,potential-1step,GoM,44,interp,3,0.7659158892426339,0.25500372705289254
jkonet,potential-1step,GoM,44,interp,4,0.7878885367973181,0.20904772744001957
jkonet,potential-1step,GoM,44,interp,5,0.8178428822264565,0.1648451943043618
jkonet,potential-1step,GoM,44,interp,6,0.5517834156502501,0.14436606557682505
jkonet,potential-1step,GoM,44,interp,7,0.10504932547088791,0.05758348534376318
jkonet,potential-1step,GoM,44,interp,8,0.08012275735975749,0.06953550623347181
jkonet,potential,GoM,5,forecast,-1,0.45824163449021144,4.720937923370909
jkonet,potential,GoM,5,interp,0,0.5753645742574789,0.4408035643716092
jkonet,potential,GoM,5,interp,1,0.47254582799598027,1.2252508081781275
jkonet,potential,GoM,5,interp,2,0.45727414556027585,2.0111869595265888
jkonet,potential,GoM,5,interp,3,0.44778936808580855,2.9880607946952997
jkonet,potential,GoM,5,interp,4,0.4259462160011223,3.785488646221098
jkonet,potential,GoM,5,interp,5,0.431315965371686,4.331748694221625
jkonet,potential,GoM,5,interp,6,0.43403874050570607,4.512833890680131
jkonet,potential,GoM,5,interp,7,0.45000853309525085,4.526352731109022
jkonet,potential,GoM,5,interp,8,0.45289892310064445,4.561987663718798
jkonet,potential-1step,GoM,5,forecast,-1,0.5646752978943665,0.2377366151983449
jkonet,potential-1step,GoM,5,interp,0,0.5753645742574789,0.4408035643716092
jkonet,potential-1step,GoM,5,interp,1,0.7994642535328059,0.17095019140902196
jkonet,potential-1step,GoM,5,interp,2,0.7955744758763785,0.1718199615224085
jkonet,potential-1step,GoM,5,interp,3,0.7717551676809848,0.24098368454818436
jkonet,potential-1step,GoM,5,interp,4,0.7113812953646395,0.19504921242673623
jkonet,potential-1step,GoM,5,interp,5,0.7718136870128893,0.1574972024482477
jkonet,potential-1step,GoM,5,interp,6,0.6667639150904737,0.15431278256344536
jkonet,potential-1step,GoM,5,interp,7,0.1660891691050378,0.07185526400794877
jkonet,potential-1step,GoM,5,interp,8,0.13169109709714244,0.07579134237361239
jkonet,potential,LV,1,forecast,-1,0.6631940432922807,21.83574478057332
jkonet,potential,LV,1,interp,0,0.968440298448189,5.0906280501756545
jkonet,potential,LV,1,interp,1,0.8767386455450945,10.854981921924029
jkonet,potential,LV,1,interp,2,0.7658341468359423,12.617947326671727
jkonet,potential,LV,1,interp,3,0.5967915822553195,14.054464197549436
jkonet,potential,LV,1,interp,4,0.6080272650473566,15.429811322431899
jkonet,potential,LV,1,interp,5,0.6766896150142168,16.372114403040218
jkonet,potential,LV,1,interp,6,0.6196126988355559,16.784883356338632
jkonet,potential,LV,1,interp,7,0.6022112417891695,16.51289339525108
jkonet,potential,LV,1,interp,8,0.644909289324361,16.57389316027981
jkonet,potential-1step,LV,1,forecast,-1,0.8158458617006497,3.393675496596689
jkonet,potential-1step,LV,1,interp,0,0.968440298448189,5.0906280501756545
jkonet,potential-1step,LV,1,interp,1,0.7104564666155271,0.6875879660984777
jkonet,potential-1step,LV,1,interp,2,0.7871778001863377,0.3573532566099774
jkonet,potential-1step,LV,1,interp,3,0.5196822606396836,0.22137184712662927
jkonet,potential-1step,LV,1,interp,4,0.3087536250268512,0.19566696402196634
jkonet,potential-1step,LV,1,interp,5,0.24928671617685072,0.2663588101361147
jkonet,potential-1step,LV,1,interp,6,0.12749255778861435,0.28956801228968654
jkonet,potential-1step,LV,1,interp,7,0.07162245601255068,0.2897204472091671
jkonet,potential-1step,LV,1,interp,8,0.14870613866199933,0.3768372385780824
jkonet,potential,LV,2,forecast,-1,0.6713825597654175,18.390453068268453
jkonet,potential,LV,2,interp,0,0.8545502472069815,4.729796626516271
jkonet,potential,LV,2,interp,1,0.775085886760563,9.752483931829948
jkonet,potential,LV,2,interp,2,0.8587422410444092,11.516937902296469
jkonet,potential,LV,2,interp,3,0.6870134030983983,12.992450296509228
jkonet,potential,LV,2,interp,4,0.6758959105814838,14.095109659439311
jkonet,potential,LV,2,interp,5,0.6028130708359504,14.79624199146635
jkonet,potential,LV,2,interp,6,0.6650637733717288,14.768203429807151
jkonet,potential,LV,2,interp,7,0.7275126403786945,14.146734915279069
jkonet,potential,LV,2,interp,8,0.7930908038438644,13.730931637547032
jkonet,potential-1step,LV,2,forecast,-1,0.8088850066477129,3.4186828889321768
jkonet,potential-1step,LV,2,interp,0,0.8545502472069815,4.729796626516271
jkonet,potential-1step,LV,2,interp,1,0.6865767426366303,0.6242445083187157
jkonet,potential-1step,LV,2,interp,2,0.7466394964928511,0.3097014681400299
jkonet,potential-1step,LV,2,interp,3,0.48540983260270004,0.19155971389746534
jkonet,potential-1step,LV,2,interp,4,0.2838241612199216,0.16385904319135106
jkonet,potential-1step,LV,2,interp,5,0.18909230766936225,0.2258124257223554
jkonet,potential-1step,LV,2,interp,6,0.117054877317675,0.267370354843838
jkonet,potential-1step,LV,2,interp,7,0.06589677403816857,0.2889715242371336
jkonet,potential-1step,LV,2,interp,8,0.13983389085283876,0.3740044350738832
jkonet,potential,LV,3,forecast,-1,1.3411056797959244,30.858452934352595
jkonet,potential,LV,3,interp,0,0.8784205531503639,5.026621608182172
jkonet,potential,LV,3,interp,1,0.7995221347187884,11.122214269622797
jkonet,potential,LV,3,interp,2,0.8210355793894419,13.867234235655623
jkonet,potential,LV,3,interp,3,0.8367412275617839,16.408748781166082
jkonet,potential,LV,3,interp,4,0.9337333548648641,18.75252519272965
jkonet,potential,LV,3,interp,5,1.036080451595908,20.713410154300256
jkonet,potential,LV,3,interp,6,1.1783882916243744,22.13155679121215
jkonet,potential,LV,3,interp,7,1.2652397019881363,22.96737785117729
jkonet,potential,LV,3,interp,8,1.292332055239326,24.108921381522784
jkonet,potential-1step,LV,3,forecast,-1,0.807819162160917,3.4016148532014556
jkonet,potential-1step,LV,3,interp,0,0.8784205531503639,5.026621608182172
jkonet,potential-1step,LV,3,interp,1,0.6933028334416006,0.6366455094906572
jkonet,potential-1step,LV,3,interp,2,0.7555287176521879,0.3195830385542247
jkonet,potential-1step,LV,3,interp,3,0.5449818439611887,0.20432456630971213
jkonet,potential-1step,LV,3,interp,4,0.3465878184013656,0.17897150083186125
jkonet,potential-1step,LV,3,interp,5,0.2286291359376697,0.24417600627169003
jkonet,potential-1step,LV,3,interp,6,0.15638615137819117,0.28529991823010886
jkonet,potential-1step,LV,3,interp,7,0.0950841763859353,0.30888351731698843
jkonet,potential-1step,LV,3,interp,8,0.1755640777046778,0.39663236133217333
jkonet,potential,LV,4,forecast,-1,0.6864369468900402,23.668511047157573
jkonet,potential,LV,4,interp,0,1.022224176989302,5.222951277259333
jkonet,potential,LV,4,interp,1,0.9356648545822398,11.155419814262988
jkonet,potential,LV,4,interp,2,0.8423535467872771,13.037619538881442
jkonet,potential,LV,4,interp,3,0.7143564338479818,14.614638407136065
jkonet,potential,LV,4,interp,4,0.6728043192122192,16.019387199731632
jkonet,potential,LV,4,interp,5,0.6375823273358701,17.091340917549168
jkonet,potential,LV,4,interp,6,0.656115214526691,17.657097878310474
jkonet,potential,LV,4,interp,7,0.7849855768858306,17.62164129570955
jkonet,potential,LV,4,interp,8,0.7837661299006569,17.902996689038822
jkonet,potential-1step,LV,4,forecast,-1,0.8194715226342186,3.3874844672407014
jkonet,potential-1step,LV,4,interp,0,1.022224176989302,5.222951277259333
jkonet,potential-1step,LV,4,interp,1,0.6988918359917244,0.631815468482728
jkonet,potential-1step,LV,4,interp,2,0.7744192543483643,0.32318784108816734
jkonet,potential-1step,LV,4,interp,3,0.590932402466563,0.21552988586883035
jkonet,potential-1step,LV,4,interp,4,0.3813565901647504,0.18982575319550277
jkonet,potential-1step,LV,4,interp,5,0.2540563629264701,0.2613947360835657
jkonet,potential-1step,LV,4,interp,6,0.13496745524198195,0.30021965083300567
jkonet,potential-1step,LV,4,interp,7,0.08197253450524666,0.3206773281090672
jkonet,potential-1step,LV,4,interp,8,0.1372756492912231,0.36389338428283846
jkonet,potential,LV,40,forecast,-1,0.8517770212597614,17.574223732420965
jkonet,potential,LV,40,interp,0,0.7336034751305347,4.722702899398824
jkonet,potential,LV,40,interp,1,0.6736628266540516,10.092872449805196
jkonet,potential,LV,40,interp,2,0.687091558218611,11.822532268627816
jkonet,potential,LV,40,interp,3,0.6428574015220628,12.924662043191796
jkonet,potential,LV,40,interp,4,0.6245183798721653,13.72206932359975
jkonet,potential,LV,40,interp,5,0.6263234999134029,14.10039738240724
jkonet,potential,LV,40,interp,6,0.6803311106123279,13.944842479777494
jkonet,potential,LV,40,interp,7,0.7504731727350176,13.26756743140671
jkonet,potential,LV,40,interp,8,0.7798686336693215,13.01539480577892
jkonet,potential-1step,LV,40,forecast,-1,0.8485086929324256,3.494698329011264
jkonet,potential-1step,LV,40,interp,0,0.7336034751305347,4.722702899398824
jkonet,potential-1step,LV,40,interp,1,0.7128382540683522,0.6693193014246128
jkonet,potential-1step,LV,40,interp,2,0.7598339816205473,0.34348425798685045
jkonet,potential-1step,LV,40,interp,3,0.505180219730883,0.20933965283583414
jkonet,potential-1step,LV,40,interp,4,0.2869981750146496,0.1889159515012696
jkonet,potential-1step,LV,40,interp,5,0.24975981141068165,0.2567712885883753
jkonet,potential-1step,LV,40,interp,6,0.14671869792905468,0.28873656390295954
jkonet,potential-1step,LV,40,interp,7,0.08474093374341013,0.3045574159171744
jkonet,potential-1step,LV,40,interp,8,0.17443653743363136,0.39013390222652344
jkonet,potential,LV,41,forecast,-1,0.8024994308302423,25.72477733261435
jkonet,potential,LV,41,interp,0,0.9252547487141171,5.051895926286979
jkonet,potential,LV,41,interp,1,0.8036743195302739,10.854288600573417
jkonet,potential,LV,41,interp,2,0.7370956022969967,12.924584569258043
jkonet,potential,LV,41,interp,3,0.6905036909842612,14.830992357110041
jkonet,potential,LV,41,interp,4,0.7680764473205249,16.63761598392226
jkonet,potential,LV,41,interp,5,0.636301889045161,18.046393489506634
jkonet,potential,LV,41,interp,6,0.6059391484151052,18.933951628425294
jkonet,potential,LV,41,interp,7,0.7255731252316204,19.204383122095454
jkonet,potential,LV,41,interp,8,0.7665083594389537,19.76488103350467
jkonet,potential-1step,LV,41,forecast,-1,0.7871790289626852,3.423502448018151
jkonet,potential-1step,LV,41,interp,0,0.9252547487141171,5.051895926286979
jkonet,potential-1step,LV,41,interp,1,0.703509087453645,0.6419258904254352
jkonet,potential-1step,LV,41,interp,2,0.7560481070748408,0.30743601422885664
jkonet,potential-1step,LV,41,interp,3,0.4292299826268044,0.18018422614794447
jkonet,potential-1step,LV,41,interp,4,0.23762582084656686,0.16535180584777756
jkonet,potential-1step,LV,41,interp,5,0.21610859327911192,0.2442656741997485
jkonet,potential-1step,LV,41,interp,6,0.12139380710316616,0.27313526931477133
jkonet,potential-1step,LV,41,interp,7,0.08663986551463876,0.30303120738599887
jkonet,potential-1step,LV,41,interp,8,0.18209493545520278,0.41367824049243035
jkonet,potential,LV,42,forecast,-1,1.163109551287436,23.03042249857697
jkonet,potential,LV,42,interp,0,0.9364681247716342,4.925698237076044
jkonet,potential,LV,42,interp,1,0.8467043325968608,10.545278378094714
jkonet,potential,LV,42,interp,2,0.778673652145432,12.409953460464576
jkonet,potential,LV,42,interp,3,0.6489019304006122,13.883324315267089
jkonet,potential,LV,42,interp,4,0.673408843547216,15.190778048865932
jkonet,potential,LV,42,interp,5,0.7934798461858849,16.224465616589082
jkonet,potential,LV,42,interp,6,0.9339806186208359,16.823220329022025
jkonet,potential,LV,42,interp,7,1.038668266303476,16.958833555312747
jkonet,potential,LV,42,interp,8,1.0821991101743027,17.504536871088035
jkonet,potential-1step,LV,42,forecast,-1,0.8214235496147386,3.3577381314730586
jkonet,potential-1step,LV,42,interp,0,0.9364681247716342,4.925698237076044
jkonet,potential-1step,LV,42,interp,1,0.7128912533636427,0.6675351146395112
jkonet,potential-1step,LV,42,interp,2,0.7661838065287597,0.3284965860192973
jkonet,potential-1step,LV,42,interp,3,0.43345304349204866,0.1943183269143658
jkonet,potential-1step,LV,42,interp,4,0.21153266595639836,0.17337733618236015
jkonet,potential-1step,LV,42,interp,5,0.22006623192255698,0.2586516331339785
jkonet,potential-1step,LV,42,interp,6,0.12374602872342522,0.29413474098513365
jkonet,potential-1step,LV,42,interp,7,0.07720608488652392,0.31667992161596037
jkonet,potential-1step,LV,42,interp,8,0.14264364310005256,0.3503526328877323
jkonet,potential,LV,43,forecast,-1,0.7687873591303473,14.727810478034442
jkonet,potential,LV,43,interp,0,0.784441723641945,5.323281360979048
jkonet,potential,LV,43,interp,1,0.7126638665771219,10.773867465804724
jkonet,potential,LV,43,interp,2,0.7313868949007153,11.807896607929942
jkonet,potential,LV,43,interp,3,0.8040549197647109,12.88310434776482
jkonet,potential,LV,43,interp,4,0.8256397657916041,13.70359184192812
jkonet,potential,LV,43,interp,5,0.8207274350000473,13.728365249898118
jkonet,potential,LV,43,interp,6,0.820231519313656,13.144903056330064
jkonet,potential,LV,43,interp,7,0.8070031998646814,11.923688763059817
jkonet,potential,LV,43,interp,8,0.7705576974571994,10.95637591199343
jkonet,potential-1step,LV,43,forecast,-1,0.8110084042732797,3.3990063190318067
jkonet,potential-1step,LV,43,interp,0,0.784441723641945,5.323281360979048
jkonet,potential-1step,LV,43,interp,1,0.7356044331542583,0.6192658781286805
jkonet,potential-1step,LV,43,interp,2,0.7593929153101353,0.2999590742467596
jkonet,potential-1step,LV,43,interp,3,0.4547851182873404,0.17334983872800697
jkonet,potential-1step,LV,43,interp,4,0.22977738055449232,0.15985390209718042
jkonet,potential-1step,LV,43,interp,5,0.24589191900456764,0.2428967062386836
jkonet,potential-1step,LV,43,interp,6,0.1375748735638812,0.2842563782425839
jkonet,potential-1step,LV,43,interp,7,0.10314564807678384,0.32255320433498563
jkonet,potential-1step,LV,43,interp,8,0.18999943522907903,0.3975069442790536
jkonet,potential,LV,44,forecast,-1,0.687621955364154,93.87761505850408
jkonet,potential,LV,44,interp,0,0.9030369196216643,5.559439834878831
jkonet,potential,LV,44,interp,1,0.7990877459746191,12.31176579875561
jkonet,potential,LV,44,interp,2,0.758232302368599,15.145926943316972
jkonet,potential,LV,44,interp,3,0.6422623986220661,17.800165517467452
jkonet,potential,LV,44,interp,4,0.5223568467778474,21.20955386679428
jkonet,potential,LV,44,interp,5,0.4955195809865123,28.84452978778674
jkonet,potential,LV,44,interp,6,0.5255377018035201,42.034683563725835
jkonet,potential,LV,44,interp,7,0.5583764603318604,56.318582478807535
jkonet,potential,LV,44,interp,8,0.5789470526803745,71.47154647781964
jkonet,potential-1step,LV,44,forecast,-1,0.7906443776895016,3.354733528903254
jkonet,potential-1step,LV,44,interp,0,0.9030369196216643,5.559439834878831
jkonet,potential-1step,LV,44,interp,1,0.7510747875263012,0.6044282991196096
jkonet,potential-1step,LV,44,interp,2,0.7174075276197122,0.2763442022277024
jkonet,potential-1step,LV,44,interp,3,0.3620021331367219,0.1562915697237736
jkonet,potential-1step,LV,44,interp,4,0.18940578266633623,0.14385200779481028
jkonet,potential-1step,LV,44,interp,5,0.20020670808567476,0.22938642051187386
jkonet,potential-1step,LV,44,interp,6,0.10933758087920337,0.27487509166039936
jkonet,potential-1step,LV,44,interp,7,0.06892098663548757,0.297890517419946
jkonet,potential-1step,LV,44,interp,8,0.15545628971151126,0.3776605807712873
jkonet,potential,LV,5,forecast,-1,1.1173431140574939,27.03033865312003
jkonet,potential,LV,5,interp,0,0.9452553532949803,4.976770752998545
jkonet,potential,LV,5,interp,1,0.827165428626081,10.89665022478413
jkonet,potential,LV,5,interp,2,0.7514490931628622,13.279226730764123
jkonet,potential,LV,5,interp,3,0.6815919442281485,15.372821433118457
jkonet,potential,LV,5,interp,4,0.7060907773303833,17.285594060224465
jkonet,potential,LV,5,interp,5,0.7364936001307089,18.839257155714414
jkonet,potential,LV,5,interp,6,0.8159629457227869,19.85053073169099
jkonet,potential,LV,5,interp,7,0.8800207472507005,20.24797408787125
jkonet,potential,LV,5,interp,8,0.9347834593088971,20.90924228832281
jkonet,potential-1step,LV,5,forecast,-1,0.7895883185672756,3.375873381863206
jkonet,potential-1step,LV,5,interp,0,0.9452553532949803,4.976770752998545
jkonet,potential-1step,LV,5,interp,1,0.7165276080765418,0.6246162576482243
jkonet,potential-1step,LV,5,interp,2,0.7040104288042843,0.2875757477267268
jkonet,potential-1step,LV,5,interp,3,0.348476515470026,0.1576607520131478
jkonet,potential-1step,LV,5,interp,4,0.20033818408652032,0.13711162347076528
jkonet,potential-1step,LV,5,interp,5,0.16633464787998004,0.20564122950878513
jkonet,potential-1step,LV,5,interp,6,0.09638151826156016,0.2606215261548011
jkonet,potential-1step,LV,5,interp,7,0.06479773184036886,0.288817536429906
jkonet,potential-1step,LV,5,interp,8,0.15686037539698838,0.38059551097623756
jkonet,potential,PBMC,1,forecast,-1,0.5082222139837056,nan
jkonet,potential,PBMC,1,interp,0,0.135321509348919,nan
jkonet,potential,PBMC,1,interp,1,0.21876228609760034,nan
jkonet,potential,PBMC,1,interp,2,0.24621439182080107,nan
jkonet,potential,PBMC,1,interp,3,0.3546196543572075,nan
jkonet,potential,PBMC,1,interp,4,0.47316696859933777,nan
jkonet,potential,PBMC,1,interp,5,0.4976656251233012,nan
jkonet,potential,PBMC,1,interp,6,0.49679448729622994,nan
jkonet,potential,PBMC,1,interp,7,0.507871420172129,nan
jkonet,potential,PBMC,1,interp,8,0.5146787691701158,nan
jkonet,potential,PBMC,1,interp,9,0.5238826032507771,nan
jkonet,potential,PBMC,1,interp,10,0.516416238103676,nan
jkonet,potential,PBMC,1,interp,11,0.5147419190413258,nan
jkonet,potential,PBMC,1,interp,12,0.5170957796043865,nan
jkonet,potential,PBMC,1,interp,13,0.5081705038270237,nan
jkonet,potential,PBMC,1,interp,14,0.5211150433858623,nan
jkonet,potential,PBMC,1,interp,15,0.48619633017862146,nan
jkonet,potential,PBMC,1,interp,16,0.491955340517562,nan
jkonet,potential,PBMC,1,interp,17,0.5073728574360903,nan
jkonet,potential,PBMC,1,interp,18,0.4916779934981239,nan
jkonet,potential,PBMC,1,interp,19,0.5017989629881987,nan
jkonet,potential-1step,PBMC,1,forecast,-1,0.010594625177969663,nan
jkonet,potential-1step,PBMC,1,interp,0,0.135321509348919,nan
jkonet,potential-1step,PBMC,1,interp,1,0.01023888041254506,nan
jkonet,potential-1step,PBMC,1,interp,2,0.005421124706792457,nan
jkonet,potential-1step,PBMC,1,interp,3,0.008389574174869407,nan
jkonet,potential-1step,PBMC,1,interp,4,0.009620183262835424,nan
jkonet,potential-1step,PBMC,1,interp,5,0.01856878648555732,nan
jkonet,potential-1step,PBMC,1,interp,6,0.00814831547239403,nan
jkonet,potential-1step,PBMC,1,interp,7,0.0008574974076966946,nan
jkonet,potential-1step,PBMC,1,interp,8,0.001650262779609335,nan
jkonet,potential-1step,PBMC,1,interp,9,0.0011643321741535706,nan
jkonet,potential-1step,PBMC,1,interp,10,0.012937262332617772,nan
jkonet,potential-1step,PBMC,1,interp,11,0.018220816411952945,nan
jkonet,potential-1step,PBMC,1,interp,12,0.003942306135735707,nan
jkonet,potential-1step,PBMC,1,interp,13,0.004079550769788387,nan
jkonet,potential-1step,PBMC,1,interp,14,0.008163763754373998,nan
jkonet,potential-1step,PBMC,1,interp,15,0.014132844469631367,nan
jkonet,potential-1step,PBMC,1,interp,16,0.011860608803657802,nan
jkonet,potential-1step,PBMC,1,interp,17,0.002300399686047283,nan
jkonet,potential-1step,PBMC,1,interp,18,0.0027913984560405947,nan
jkonet,potential-1step,PBMC,1,interp,19,0.005440550563930113,nan
jkonet,potential,PBMC,2,forecast,-1,0.5082222139837059,nan
jkonet,potential,PBMC,2,interp,0,0.132458143708578,nan
jkonet,potential,PBMC,2,interp,1,0.2195917171202333,nan
jkonet,potential,PBMC,2,interp,2,0.25527771240699565,nan
jkonet,potential,PBMC,2,interp,3,0.3658983692525188,nan
jkonet,potential,PBMC,2,interp,4,0.47464903631858046,nan
jkonet,potential,PBMC,2,interp,5,0.49769755454870934,nan
jkonet,potential,PBMC,2,interp,6,0.4967933576340171,nan
jkonet,potential,PBMC,2,interp,7,0.5078714016956972,nan
jkonet,potential,PBMC,2,interp,8,0.5146787690608158,nan
jkonet,potential,PBMC,2,interp,9,0.5238826032549486,nan
jkonet,potential,PBMC,2,interp,10,0.5164162381037246,nan
jkonet,potential,PBMC,2,interp,11,0.5147419190413268,nan
jkonet,potential,PBMC,2,interp,12,0.517095779604386,nan
jkonet,potential,PBMC,2,interp,13,0.5081705038270237,nan
jkonet,potential,PBMC,2,interp,14,0.5211150433858623,nan
jkonet,potential,PBMC,2,interp,15,0.4861963301786215,nan
jkonet,potential,PBMC,2,interp,16,0.49195534051756207,nan
jkonet,potential,PBMC,2,interp,17,0.5073728574360905,nan
jkonet,potential,PBMC,2,interp,18,0.4916779934981243,nan
jkonet,potential,PBMC,2,interp,19,0.501798962988199,nan
jkonet,potential-1step,PBMC,2,forecast,-1,0.010357627892929433,nan
jkonet,potential-1step,PBMC,2,interp,0,0.132458143708578,nan
jkonet,potential-1step,PBMC,2,interp,1,0.01125903806966777,nan
jkonet,potential-1step,PBMC,2,interp,2,0.005866061875193451,nan
jkonet,potential-1step,PBMC,2,interp,3,0.00845937995982421,nan
jkonet,potential-1step,PBMC,2,interp,4,0.009665312630265432,nan
jkonet,potential-1step,PBMC,2,interp,5,0.0187485745351878,nan
jkonet,potential-1step,PBMC,2,interp,6,0.008205239860128999,nan
jkonet,potential-1step,PBMC,2,interp,7,0.0008753635067952903,nan
jkonet,potential-1step,PBMC,2,interp,8,0.001650262779609335,nan
jkonet,potential-1step,PBMC,2,interp,9,0.0011643321741535706,nan
jkonet,potential-1step,PBMC,2,interp,10,0.012930398731968995,nan
jkonet,potential-1step,PBMC,2,interp,11,0.01894154507383783,nan
jkonet,potential-1step,PBMC,2,interp,12,0.003568399896610397,nan
jkonet,potential-1step,PBMC,2,interp,13,0.004209525241470169,nan
jkonet,potential-1step,PBMC,2,interp,14,0.00814495582872532,nan
jkonet,potential-1step,PBMC,2,interp,15,0.013948649188790296,nan
jkonet,potential-1step,PBMC,2,interp,16,0.012466334834895565,nan
jkonet,potential-1step,PBMC,2,interp,17,0.0023335355029283633,nan
jkonet,potential-1step,PBMC,2,interp,18,0.0026494377835936667,nan
jkonet,potential-1step,PBMC,2,interp,19,0.005357495512893828,nan
jkonet,potential,PBMC,3,forecast,-1,0.5082222139837056,nan
jkonet,potential,PBMC,3,interp,0,0.12643852015790397,nan
jkonet,potential,PBMC,3,interp,1,0.20592849003224545,nan
jkonet,potential,PBMC,3,interp,2,0.23808832600965968,nan
jkonet,potential,PBMC,3,interp,3,0.3630749675385534,nan
jkonet,potential,PBMC,3,interp,4,0.4767773742623309,nan
jkonet,potential,PBMC,3,interp,5,0.49787037638625764,nan
jkonet,potential,PBMC,3,interp,6,0.4967933023207153,nan
jkonet,potential,PBMC,3,interp,7,0.5078714001172518,nan
jkonet,potential,PBMC,3,interp,8,0.5146787693966417,nan
jkonet,potential,PBMC,3,interp,9,0.5238826033638391,nan
jkonet,potential,PBMC,3,interp,10,0.5164162381160298,nan
jkonet,potential,PBMC,3,interp,11,0.5147419190419151,nan
jkonet,potential,PBMC,3,interp,12,0.5170957796044456,nan
jkonet,potential,PBMC,3,interp,13,0.5081705038270239,nan
jkonet,potential,PBMC,3,interp,14,0.5211150433858623,nan
jkonet,potential,PBMC,3,interp,15,0.48619633017862135,nan
jkonet,potential,PBMC,3,interp,16,0.49195534051756185,nan
jkonet,potential,PBMC,3,interp,17,0.5073728574360901,nan
jkonet,potential,PBMC,3,interp,18,0.4916779934981239,nan
jkonet,potential,PBMC,3,interp,19,0.5017989629881988,nan
jkonet,potential-1step,PBMC,3,forecast,-1,0.009873569129172477,nan
jkonet,potential-1step,PBMC,3,interp,0,0.12643852015790397,nan
jkonet,potential-1step,PBMC,3,interp,1,0.010703743234572682,nan
jkonet,potential-1step,PBMC,3,interp,2,0.005579069167087725,nan
jkonet,potential-1step,PBMC,3,interp,3,0.008249462775441974,nan
jkonet,potential-1step,PBMC,3,interp,4,0.010019004863223824,nan
jkonet,potential-1step,PBMC,3,interp,5,0.019125430398412135,nan
jkonet,potential-1step,PBMC,3,interp,6,0.00827146761892128,nan
jkonet,potential-1step,PBMC,3,interp,7,0.0008894542166759667,nan
jkonet,potential-1step,PBMC,3,interp,8,0.001650262779609335,nan
jkonet,potential-1step,PBMC,3,interp,9,0.0011643321741535706,nan
jkonet,potential-1step,PBMC,3,interp,10,0.013150579093975268,nan
jkonet,potential-1step,PBMC,3,interp,11,0.019027122455792966,nan
jkonet,potential-1step,PBMC,3,interp,12,0.003553959505810611,nan
jkonet,potential-1step,PBMC,3,interp,13,0.004320895098819222,nan
jkonet,potential-1step,PBMC,3,interp,14,0.008166896656585876,nan
jkonet,potential-1step,PBMC,3,interp,15,0.014548672185196454,nan
jkonet,potential-1step,PBMC,3,interp,16,0.012866871493655452,nan
jkonet,potential-1step,PBMC,3,interp,17,0.0025270549536517417,nan
jkonet,potential-1step,PBMC,3,interp,18,0.002877823925235945,nan
jkonet,potential-1step,PBMC,3,interp,19,0.005519939130600338,nan
jkonet,potential,PBMC,4,forecast,-1,0.5082222139837059,nan
jkonet,potential,PBMC,4,interp,0,0.13248579323629533,nan
jkonet,potential,PBMC,4,interp,1,0.21309342615101823,nan
jkonet,potential,PBMC,4,interp,2,0.23099522786317406,nan
jkonet,potential,PBMC,4,interp,3,0.33688971074218665,nan
jkonet,potential,PBMC,4,interp,4,0.4618941800118196,nan
jkonet,potential,PBMC,4,interp,5,0.4973441962457699,nan
jkonet,potential,PBMC,4,interp,6,0.4967916768903122,nan
jkonet,potential,PBMC,4,interp,7,0.5078714063338302,nan
jkonet,potential,PBMC,4,interp,8,0.5146787690349904,nan
jkonet,potential,PBMC,4,interp,9,0.523882603248917,nan
jkonet,potential,PBMC,4,interp,10,0.516416238103552,nan
jkonet,potential,PBMC,4,interp,11,0.5147419190413197,nan
jkonet,potential,PBMC,4,interp,12,0.5170957796043858,nan
jkonet,potential,PBMC,4,interp,13,0.5081705038270237,nan
jkonet,potential,PBMC,4,interp,14,0.5211150433858623,nan
jkonet,potential,PBMC,4,interp,15,0.4861963301786214,nan
jkonet,potential,PBMC,4,interp,16,0.491955340517562,nan
jkonet,potential,PBMC,4,interp,17,0.5073728574360903,nan
jkonet,potential,PBMC,4,interp,18,0.491677993498124,nan
jkonet,potential,PBMC,4,interp,19,0.5017989629881988,nan
jkonet,potential-1step,PBMC,4,forecast,-1,0.010656876561346895,nan
jkonet,potential-1step,PBMC,4,interp,0,0.13248579323629533,nan
jkonet,potential-1step,PBMC,4,interp,1,0.01052744108425796,nan
jkonet,potential-1step,PBMC,4,interp,2,0.005712898546839373,nan
jkonet,potential-1step,PBMC,4,interp,3,0.008403359799667554,nan
jkonet,potential-1step,PBMC,4,interp,4,0.00975428543372564,nan
jkonet,potential-1step,PBMC,4,interp,5,0.01881846905552209,nan
jkonet,potential-1step,PBMC,4,interp,6,0.008177174409175036,nan
jkonet,potential-1step,PBMC,4,interp,7,0.0008555089408848193,nan
jkonet,potential-1step,PBMC,4,interp,8,0.001650262779609335,nan
jkonet,potential-1step,PBMC,4,interp,9,0.0011643321741535706,nan
jkonet,potential-1step,PBMC,4,interp,10,0.013032031539331579,nan
jkonet,potential-1step,PBMC,4,interp,11,0.019186283911194313,nan
jkonet,potential-1step,PBMC,4,interp,12,0.003563512023709803,nan
jkonet,potential-1step,PBMC,4,interp,13,0.003991751312527492,nan
jkonet,potential-1step,PBMC,4,interp,14,0.008313208261403693,nan
jkonet,potential-1step,PBMC,4,interp,15,0.013523313680810445,nan
jkonet,potential-1step,PBMC,4,interp,16,0.012677876870250016,nan
jkonet,potential-1step,PBMC,4,interp,17,0.0023904266829749554,nan
jkonet,potential-1step,PBMC,4,interp,18,0.002700695391231689,nan
jkonet,potential-1step,PBMC,4,interp,19,0.005067117687619138,nan
jkonet,potential,PBMC,40,forecast,-1,0.5082222139837055,nan
jkonet,potential,PBMC,40,interp,0,0.13576555946944818,nan
jkonet,potential,PBMC,40,interp,1,0.22441992011461132,nan
jkonet,potential,PBMC,40,interp,2,0.26615780972717396,nan
jkonet,potential,PBMC,40,interp,3,0.3772442941297968,nan
jkonet,potential,PBMC,40,interp,4,0.48107638831366156,nan
jkonet,potential,PBMC,40,interp,5,0.497690769104645,nan
jkonet,potential,PBMC,40,interp,6,0.496784846695196,nan
jkonet,potential,PBMC,40,interp,7,0.5078714036039006,nan
jkonet,potential,PBMC,40,interp,8,0.5146787690718936,nan
jkonet,potential,PBMC,40,interp,9,0.5238826032491889,nan
jkonet,potential,PBMC,40,interp,10,0.5164162381035523,nan
jkonet,potential,PBMC,40,interp,11,0.5147419190413197,nan
jkonet,potential,PBMC,40,interp,12,0.5170957796043857,nan
jkonet,potential,PBMC,40,interp,13,0.5081705038270237,nan
jkonet,potential,PBMC,40,interp,14,0.5211150433858623,nan
jkonet,potential,PBMC,40,interp,15,0.4861963301786214,nan
jkonet,potential,PBMC,40,interp,16,0.491955340517562,nan
jkonet,potential,PBMC,40,interp,17,0.5073728574360903,nan
jkonet,potential,PBMC,40,interp,18,0.4916779934981239,nan
jkonet,potential,PBMC,40,interp,19,0.5017989629881989,nan
jkonet,potential-1step,PBMC,40,forecast,-1,0.010710229251881531,nan
jkonet,potential-1step,PBMC,40,interp,0,0.13576555946944818,nan
jkonet,potential-1step,PBMC,40,interp,1,0.010514050674275743,nan
jkonet,potential-1step,PBMC,40,interp,2,0.005649041755113715,nan
jkonet,potential-1step,PBMC,40,interp,3,0.008158367737439276,nan
jkonet,potential-1step,PBMC,40,interp,4,0.00970315936112548,nan
jkonet,potential-1step,PBMC,40,interp,5,0.01886633502307483,nan
jkonet,potential-1step,PBMC,40,interp,6,0.008146807030246728,nan
jkonet,potential-1step,PBMC,40,interp,7,0.000850208262272778,nan
jkonet,potential-1step,PBMC,40,interp,8,0.001650262779609335,nan
jkonet,potential-1step,PBMC,40,interp,9,0.0011643321741535706,nan
jkonet,potential-1step,PBMC,40,interp,10,0.012617858053850906,nan
jkonet,potential-1step,PBMC,40,interp,11,0.017674689846998548,nan
jkonet,potential-1step,PBMC,40,interp,12,0.0038705484685256364,nan
jkonet,potential-1step,PBMC,40,interp,13,0.003468338586744224,nan
jkonet,potential-1step,PBMC,40,interp,14,0.007831092572362863,nan
jkonet,potential-1step,PBMC,40,interp,15,0.014096085893199772,nan
jkonet,potential-1step,PBMC,40,interp,16,0.011824397543062193,nan
jkonet,potential-1step,PBMC,40,interp,17,0.0024968510965708846,nan
jkonet,potential-1step,PBMC,40,interp,18,0.002706796447797366,nan
jkonet,potential-1step,PBMC,40,interp,19,0.005640131937677484,nan
jkonet,potential,PBMC,41,forecast,-1,0.5082222139837058,nan
jkonet,potential,PBMC,41,interp,0,0.13272962953777862,nan
jkonet,potential,PBMC,41,interp,1,0.22550517773140577,nan
jkonet,potential,PBMC,41,interp,2,0.275275881356956,nan
jkonet,potential,PBMC,41,interp,3,0.3905481033198216,nan
jkonet,potential,PBMC,41,interp,4,0.48396884862177936,nan
jkonet,potential,PBMC,41,interp,5,0.49797355823767636,nan
jkonet,potential,PBMC,41,interp,6,0.4967942523832746,nan
jkonet,potential,PBMC,41,interp,7,0.5078714020637952,nan
jkonet,potential,PBMC,41,interp,8,0.5146787690326237,nan
jkonet,potential,PBMC,41,interp,9,0.5238826032489061,nan
jkonet,potential,PBMC,41,interp,10,0.5164162381035519,nan
jkonet,potential,PBMC,41,interp,11,0.5147419190413197,nan
jkonet,potential,PBMC,41,interp,12,0.5170957796043858,nan
jkonet,potential,PBMC,41,interp,13,0.5081705038270237,nan
jkonet,potential,PBMC,41,interp,14,0.5211150433858623,nan
jkonet,potential,PBMC,41,interp,15,0.4861963301786215,nan
jkonet,potential,PBMC,41,interp,16,0.49195534051756207,nan
jkonet,potential,PBMC,41,interp,17,0.5073728574360904,nan
jkonet,potential,PBMC,41,interp,18,0.491677993498124,nan
jkonet,potential,PBMC,41,interp,19,0.5017989629881988,nan
jkonet,potential-1step,PBMC,41,forecast,-1,0.010150242234711337,nan
jkonet,potential-1step,PBMC,41,interp,0,0.13272962953777862,nan
jkonet,potential-1step,PBMC,41,interp,1,0.01026021955392381,nan
jkonet,potential-1step,PBMC,41,interp,2,0.005362486814675493,nan
jkonet,potential-1step,PBMC,41,interp,3,0.00901751700794512,nan
jkonet,potential-1step,PBMC,41,interp,4,0.009489339760090199,nan
jkonet,potential-1step,PBMC,41,interp,5,0.018787875768501827,nan
jkonet,potential-1step,PBMC,41,interp,6,0.008203593678407062,nan
jkonet,potential-1step,PBMC,41,interp,7,0.0008374546015548212,nan
jkonet,potential-1step,PBMC,41,interp,8,0.001650262779609335,nan
jkonet,potential-1step,PBMC,41,interp,9,0.0011643321741535706,nan
jkonet,potential-1step,PBMC,41,interp,10,0.013876104852005855,nan
jkonet,potential-1step,PBMC,41,interp,11,0.019896227107029152,nan
jkonet,potential-1step,PBMC,41,interp,12,0.0031020986389759253,nan
jkonet,potential-1step,PBMC,41,interp,13,0.0036689391066237476,nan
jkonet,potential-1step,PBMC,41,interp,14,0.006955872304148514,nan
jkonet,potential-1step,PBMC,41,interp,15,0.013071279466308039,nan
jkonet,potential-1step,PBMC,41,interp,16,0.012240641840907118,nan
jkonet,potential-1step,PBMC,41,interp,17,0.0024202096488167846,nan
jkonet,potential-1step,PBMC,41,interp,18,0.00283534350644965,nan
jkonet,potential-1step,PBMC,41,interp,19,0.005492341038327908,nan
jkonet,potential,PBMC,42,forecast,-1,0.5082222139837056,nan
jkonet,potential,PBMC,42,interp,0,0.1382855345755396,nan
jkonet,potential,PBMC,42,interp,1,0.23868770306863352,nan
jkonet,potential,PBMC,42,interp,2,0.29162413666082476,nan
jkonet,potential,PBMC,42,interp,3,0.4034991481327856,nan
jkonet,potential,PBMC,42,interp,4,0.49354208296983876,nan
jkonet,potential,PBMC,42,interp,5,0.4982631372288846,nan
jkonet,potential,PBMC,42,interp,6,0.49679715566441657,nan
jkonet,potential,PBMC,42,interp,7,0.5078714131156732,nan
jkonet,potential,PBMC,42,interp,8,0.5146787690903607,nan
jkonet,potential,PBMC,42,interp,9,0.5238826032522331,nan
jkonet,potential,PBMC,42,interp,10,0.5164162381035654,nan
jkonet,potential,PBMC,42,interp,11,0.5147419190413199,nan
jkonet,potential,PBMC,42,interp,12,0.5170957796043858,nan
jkonet,potential,PBMC,42,interp,13,0.5081705038270237,nan
jkonet,potential,PBMC,42,interp,14,0.5211150433858623,nan
jkonet,potential,PBMC,42,interp,15,0.48619633017862124,nan
jkonet,potential,PBMC,42,interp,16,0.4919553405175616,nan
jkonet,potential,PBMC,42,interp,17,0.50737285743609,nan
jkonet,potential,PBMC,42,interp,18,0.4916779934981238,nan
jkonet,potential,PBMC,42,interp,19,0.5017989629881988,nan
jkonet,potential-1step,PBMC,42,forecast,-1,0.010140913790019856,nan
jkonet,potential-1step,PBMC,42,interp,0,0.1382855345755396,nan
jkonet,potential-1step,PBMC,42,interp,1,0.010204083323900215,nan
jkonet,potential-1step,PBMC,42,interp,2,0.005360847767734489,nan
jkonet,potential-1step,PBMC,42,interp,3,0.008151645783900652,nan
jkonet,potential-1step,PBMC,42,interp,4,0.009708681193566326,nan
jkonet,potential-1step,PBMC,42,interp,5,0.018915512779726473,nan
jkonet,potential-1step,PBMC,42,interp,6,0.008151826663409023,nan
jkonet,potential-1step,PBMC,42,interp,7,0.0008516204404186434,nan
jkonet,potential-1step,PBMC,42,interp,8,0.001650262779609335,nan
jkonet,potential-1step,PBMC,42,interp,9,0.0011643321741535706,nan
jkonet,potential-1step,PBMC,42,interp,10,0.012172378389477878,nan
jkonet,potential-1step,PBMC,42,interp,11,0.017986518023410558,nan
jkonet,potential-1step,PBMC,42,interp,12,0.0036906886122041738,nan
jkonet,potential-1step,PBMC,42,interp,13,0.003564821932836748,nan
jkonet,potential-1step,PBMC,42,interp,14,0.008063392591802665,nan
jkonet,potential-1step,PBMC,42,interp,15,0.014200058536549875,nan
jkonet,potential-1step,PBMC,42,interp,16,0.012207674374074773,nan
jkonet,potential-1step,PBMC,42,interp,17,0.002518093383746367,nan
jkonet,potential-1step,PBMC,42,interp,18,0.002683023823642494,nan
jkonet,potential-1step,PBMC,42,interp,19,0.005629341783334407,nan
jkonet,potential,PBMC,43,forecast,-1,0.5082222139837059,nan
jkonet,potential,PBMC,43,interp,0,0.1336870310502345,nan
jkonet,potential,PBMC,43,interp,1,0.22484389315984876,nan
jkonet,potential,PBMC,43,interp,2,0.2603639697008825,nan
jkonet,potential,PBMC,43,interp,3,0.3618514391601081,nan
jkonet,potential,PBMC,43,interp,4,0.4686451901069796,nan
jkonet,potential,PBMC,43,interp,5,0.49718744589153496,nan
jkonet,potential,PBMC,43,interp,6,0.496766198753808,nan
jkonet,potential,PBMC,43,interp,7,0.5078712012660289,nan
jkonet,potential,PBMC,43,interp,8,0.5146787690576785,nan
jkonet,potential,PBMC,43,interp,9,0.523882603249075,nan
jkonet,potential,PBMC,43,interp,10,0.5164162381035547,nan
jkonet,potential,PBMC,43,interp,11,0.5147419190413198,nan
jkonet,potential,PBMC,43,interp,12,0.5170957796043858,nan
jkonet,potential,PBMC,43,interp,13,0.5081705038270237,nan
jkonet,potential,PBMC,43,interp,14,0.5211150433858623,nan
jkonet,potential,PBMC,43,interp,15,0.4861963301786214,nan
jkonet,potential,PBMC,43,interp,16,0.49195534051756207,nan
jkonet,potential,PBMC,43,interp,17,0.5073728574360906,nan
jkonet,potential,PBMC,43,interp,18,0.49167799349812424,nan
jkonet,potential,PBMC,43,interp,19,0.501798962988199,nan
jkonet,potential-1step,PBMC,43,forecast,-1,0.009324309944119646,nan
jkonet,potential-1step,PBMC,43,interp,0,0.1336870310502345,nan
jkonet,potential-1step,PBMC,43,interp,1,0.01093367591679717,nan
jkonet,potential-1step,PBMC,43,interp,2,0.005512030055980555,nan
jkonet,potential-1step,PBMC,43,interp,3,0.008334987759578694,nan
jkonet,potential-1step,PBMC,43,interp,4,0.00998265005342025,nan
jkonet,potential-1step,PBMC,43,interp,5,0.019125151072539592,nan
jkonet,potential-1step,PBMC,43,interp,6,0.008282880148514304,nan
jkonet,potential-1step,PBMC,43,interp,7,0.0008693367840184596,nan
jkonet,potential-1step,PBMC,43,interp,8,0.001650262779609335,nan
jkonet,potential-1step,PBMC,43,interp,9,0.0011643321741535706,nan
jkonet,potential-1step,PBMC,43,interp,10,0.011358350405598128,nan
jkonet,potential-1step,PBMC,43,interp,11,0.01798446190236902,nan
jkonet,potential-1step,PBMC,43,interp,12,0.0035314424788042698,nan
jkonet,potential-1step,PBMC,43,interp,13,0.004112527867860538,nan
jkonet,potential-1step,PBMC,43,interp,14,0.008050069354987144,nan
jkonet,potential-1step,PBMC,43,interp,15,0.014260112363093325,nan
jkonet,potential-1step,PBMC,43,interp,16,0.012741610929708713,nan
jkonet,potential-1step,PBMC,43,interp,17,0.0028080786840830596,nan
jkonet,potential-1step,PBMC,43,interp,18,0.002880110701738048,nan
jkonet,potential-1step,PBMC,43,interp,19,0.005343319803101154,nan
jkonet,potential,PBMC,44,forecast,-1,0.5082222139837058,nan
jkonet,potential,PBMC,44,interp,0,0.1296782834211484,nan
jkonet,potential,PBMC,44,interp,1,0.2176179013299449,nan
jkonet,potential,PBMC,44,interp,2,0.2729512873017091,nan
jkonet,potential,PBMC,44,interp,3,0.39053235844126183,nan
jkonet,potential,PBMC,44,interp,4,0.48364645977341975,nan
jkonet,potential,PBMC,44,interp,5,0.4979016902994962,nan
jkonet,potential,PBMC,44,interp,6,0.49679510836457746,nan
jkonet,potential,PBMC,44,interp,7,0.5078714585411387,nan
jkonet,potential,PBMC,44,interp,8,0.5146787706999643,nan
jkonet,potential,PBMC,44,interp,9,0.5238826032595236,nan
jkonet,potential,PBMC,44,interp,10,0.5164162381035542,nan
jkonet,potential,PBMC,44,interp,11,0.5147419190413198,nan
jkonet,potential,PBMC,44,interp,12,0.5170957796043859,nan
jkonet,potential,PBMC,44,interp,13,0.5081705038270237,nan
jkonet,potential,PBMC,44,interp,14,0.5211150433858623,nan
jkonet,potential,PBMC,44,interp,15,0.4861963301786214,nan
jkonet,potential,PBMC,44,interp,16,0.4919553405175618,nan
jkonet,potential,PBMC,44,interp,17,0.5073728574360902,nan
jkonet,potential,PBMC,44,interp,18,0.49167799349812386,nan
jkonet,potential,PBMC,44,interp,19,0.5017989629881988,nan
jkonet,potential-1step,PBMC,44,forecast,-1,0.010241095577166293,nan
jkonet,potential-1step,PBMC,44,interp,0,0.1296782834211484,nan
jkonet,potential-1step,PBMC,44,interp,1,0.011588708350372678,nan
jkonet,potential-1step,PBMC,44,interp,2,0.005995295976530923,nan
jkonet,potential-1step,PBMC,44,interp,3,0.008377411251710709,nan
jkonet,potential-1step,PBMC,44,interp,4,0.00984627997902171,nan
jkonet,potential-1step,PBMC,44,interp,5,0.019067130400519938,nan
jkonet,potential-1step,PBMC,44,interp,6,0.00820679375149913,nan
jkonet,potential-1step,PBMC,44,interp,7,0.0008715762333010302,nan
jkonet,potential-1step,PBMC,44,interp,8,0.001650262779609335,nan
jkonet,potential-1step,PBMC,44,interp,9,0.0011643321741535706,nan
jkonet,potential-1step,PBMC,44,interp,10,0.013009962744343684,nan
jkonet,potential-1step,PBMC,44,interp,11,0.019283490120235836,nan
jkonet,potential-1step,PBMC,44,interp,12,0.0037728973251306974,nan
jkonet,potential-1step,PBMC,44,interp,13,0.004590371789836789,nan
jkonet,potential-1step,PBMC,44,interp,14,0.007878380301118204,nan
jkonet,potential-1step,PBMC,44,interp,15,0.013981589110233783,nan
jkonet,potential-1step,PBMC,44,interp,16,0.012543119059593932,nan
jkonet,potential-1step,PBMC,44,interp,17,0.0026149844777765274,nan
jkonet,potential-1step,PBMC,44,interp,18,0.0029288406242279907,nan
jkonet,potential-1step,PBMC,44,interp,19,0.00508252770948342,nan
jkonet,potential,PBMC,5,forecast,-1,0.5082222139837057,nan
jkonet,potential,PBMC,5,interp,0,0.1401271261995154,nan
jkonet,potential,PBMC,5,interp,1,0.23380766741549674,nan
jkonet,potential,PBMC,5,interp,2,0.26678360527976985,nan
jkonet,potential,PBMC,5,interp,3,0.3697533302120208,nan
jkonet,potential,PBMC,5,interp,4,0.47348778131488595,nan
jkonet,potential,PBMC,5,interp,5,0.4975638044182554,nan
jkonet,potential,PBMC,5,interp,6,0.4967855547679441,nan
jkonet,potential,PBMC,5,interp,7,0.5078714165570675,nan
jkonet,potential,PBMC,5,interp,8,0.5146787691635091,nan
jkonet,potential,PBMC,5,interp,9,0.52388260324911,nan
jkonet,potential,PBMC,5,interp,10,0.5164162381035526,nan
jkonet,potential,PBMC,5,interp,11,0.5147419190413197,nan
jkonet,potential,PBMC,5,interp,12,0.5170957796043858,nan
jkonet,potential,PBMC,5,interp,13,0.5081705038270237,nan
jkonet,potential,PBMC,5,interp,14,0.5211150433858623,nan
jkonet,potential,PBMC,5,interp,15,0.4861963301786214,nan
jkonet,potential,PBMC,5,interp,16,0.49195534051756196,nan
jkonet,potential,PBMC,5,interp,17,0.5073728574360902,nan
jkonet,potential,PBMC,5,interp,18,0.49167799349812397,nan
jkonet,potential,PBMC,5,interp,19,0.5017989629881988,nan
jkonet,potential-1step,PBMC,5,forecast,-1,0.010388067780775723,nan
jkonet,potential-1step,PBMC,5,interp,0,0.1401271261995154,nan
jkonet,potential-1step,PBMC,5,interp,1,0.010069193215615613,nan
jkonet,potential-1step,PBMC,5,interp,2,0.005497142366240826,nan
jkonet,potential-1step,PBMC,5,interp,3,0.008234124679480648,nan
jkonet,potential-1step,PBMC,5,interp,4,0.009807122230830634,nan
jkonet,potential-1step,PBMC,5,interp,5,0.018847454946642306,nan
jkonet,potential-1step,PBMC,5,interp,6,0.008214619880880847,nan
jkonet,potential-1step,PBMC,5,interp,7,0.0008753148479127004,nan
jkonet,potential-1step,PBMC,5,interp,8,0.001650262779609335,nan
jkonet,potential-1step,PBMC,5,interp,9,0.0011643321741535706,nan
jkonet,potential-1step,PBMC,5,interp,10,0.01176188273333495,nan
jkonet,potential-1step,PBMC,5,interp,11,0.017381423422365705,nan
jkonet,potential-1step,PBMC,5,interp,12,0.0037854094658911763,nan
jkonet,potential-1step,PBMC,5,interp,13,0.004018456244964941,nan
jkonet,potential-1step,PBMC,5,interp,14,0.008296918258012431,nan
jkonet,potential-1step,PBMC,5,interp,15,0.0142987804838412,nan
jkonet,potential-1step,PBMC,5,interp,16,0.011950384237394807,nan
jkonet,potential-1step,PBMC,5,interp,17,0.00261737156471753,nan
jkonet,potential-1step,PBMC,5,interp,18,0.0027214848339280895,nan
jkonet,potential-1step,PBMC,5,interp,19,0.005612551174300984,nan
jkonet,potential,ReprParam,1,forecast,-1,0.9033264248541282,27.381073182662842
jkonet,potential,ReprParam,1,interp,0,0.6472936480739626,3.8122547827326896
jkonet,potential,ReprParam,1,interp,1,0.6421521362736411,9.529429401202863
jkonet,potential,ReprParam,1,interp,2,0.7350797838434466,11.039223772147361
jkonet,potential,ReprParam,1,interp,3,0.8238913802572503,11.526648730562432
jkonet,potential,ReprParam,1,interp,4,0.7537018576556973,13.097653706510844
jkonet,potential,ReprParam,1,interp,5,0.9009281594669256,17.641657460788643
jkonet,potential,ReprParam,1,interp,6,1.0161212144921372,20.19376300626702
jkonet,potential,ReprParam,1,interp,7,0.7865042009467781,20.15494222729122
jkonet,potential,ReprParam,1,interp,8,0.938397800783946,21.529109010275292
jkonet,potential-1step,ReprParam,1,forecast,-1,0.9395314565955921,5.836229854714081
jkonet,potential-1step,ReprParam,1,interp,0,0.6472936480739626,3.8122547827326896
jkonet,potential-1step,ReprParam,1,interp,1,0.8333976504312024,1.8537923101598184
jkonet,potential-1step,ReprParam,1,interp,2,0.7741573088417046,1.7640403035190664
jkonet,potential-1step,ReprParam,1,interp,3,0.9721147451668046,1.3303059822512486
jkonet,potential-1step,ReprParam,1,interp,4,0.6241401745236852,0.8597408793318402
jkonet,potential-1step,ReprParam,1,interp,5,0.7613662891938711,2.041878985078126
jkonet,potential-1step,ReprParam,1,interp,6,1.0798889940996603,2.297084291650837
jkonet,potential-1step,ReprParam,1,interp,7,0.6344778787476351,0.8124680980529838
jkonet,potential-1step,ReprParam,1,interp,8,0.6848574062036248,1.9020382694314255
jkonet,potential,ReprParam,2,forecast,-1,1.351225965488406,41.19821038361009
jkonet,potential,ReprParam,2,interp,0,0.6311050646101869,5.2095254297246685
jkonet,potential,ReprParam,2,interp,1,0.5014092481295722,13.538834668368752
jkonet,potential,ReprParam,2,interp,2,0.5058736045522274,16.31601262076068
jkonet,potential,ReprParam,2,interp,3,0.5643276650927136,17.842732862424757
jkonet,potential,ReprParam,2,interp,4,0.5162329585601989,20.44211623642529
jkonet,potential,ReprParam,2,interp,5,0.7232501025491653,26.12140817628639
jkonet,potential,ReprParam,2,interp,6,1.13095037327032,30.12427529630855
jkonet,potential,ReprParam,2,interp,7,0.9458720752906614,31.658490696831603
jkonet,potential,ReprParam,2,interp,8,1.2394400846707707,33.61525401641219
jkonet,potential-1step,ReprParam,2,forecast,-1,0.9489001561475882,5.873261993962194
jkonet,potential-1step,ReprParam,2,interp,0,0.6311050646101869,5.2095254297246685
jkonet,potential-1step,ReprParam,2,interp,1,0.8067507917134249,1.884542035269815
jkonet,potential-1step,ReprParam,2,interp,2,0.8090447316186378,1.776874082990289
jkonet,potential-1step,ReprParam,2,interp,3,1.0039541417087725,1.3168291475845666
jkonet,potential-1step,ReprParam,2,interp,4,0.6298707169863611,0.8216769392541378
jkonet,potential-1step,ReprParam,2,interp,5,0.7577619725307793,2.0718904049194644
jkonet,potential-1step,ReprParam,2,interp,6,1.0890591175838724,2.3063784103941196
jkonet,potential-1step,ReprParam,2,interp,7,0.6365010400820825,0.816829330460775
jkonet,potential-1step,ReprParam,2,interp,8,0.6927838813549902,1.8972684970384421
jkonet,potential,ReprParam,3,forecast,-1,1.1539232083347872,42.26544345381164
jkonet,potential,ReprParam,3,interp,0,0.6330688007175653,4.454999263508201
jkonet,potential,ReprParam,3,interp,1,0.497718423630768,12.103037274403738
jkonet,potential,ReprParam,3,interp,2,0.49959477226326054,15.240620716982976
jkonet,potential,ReprParam,3,interp,3,0.522009601143454,17.018830935937437
jkonet,potential,ReprParam,3,interp,4,0.620046319981747,19.650555328185142
jkonet,potential,ReprParam,3,interp,5,0.8406777167735326,25.7748898244714
jkonet,potential,ReprParam,3,interp,6,1.0014411995032209,30.03874125881021
jkonet,potential,ReprParam,3,interp,7,0.8893764784497749,31.793130016456665
jkonet,potential,ReprParam,3,interp,8,1.09899447442718,34.23015021699437
jkonet,potential-1step,ReprParam,3,forecast,-1,0.9448354751375272,5.833668711756699
jkonet,potential-1step,ReprParam,3,interp,0,0.6330688007175653,4.454999263508201
jkonet,potential-1step,ReprParam,3,interp,1,0.891120649081087,1.842909069774709
jkonet,potential-1step,ReprParam,3,interp,2,0.8089126013562439,1.74226624744772
jkonet,potential-1step,ReprParam,3,interp,3,1.0149236257131486,1.3403220538787872
jkonet,potential-1step,ReprParam,3,interp,4,0.6043027271498422,0.8502524401809818
jkonet,potential-1step,ReprParam,3,interp,5,0.7429336882556472,2.049314941860547
jkonet,potential-1step,ReprParam,3,interp,6,1.06476076236506,2.2663300228653602
jkonet,potential-1step,ReprParam,3,interp,7,0.6335168358415723,0.8304579525408836
jkonet,potential-1step,ReprParam,3,interp,8,0.692902498702595,1.933965464291608
jkonet,potential,ReprParam,4,forecast,-1,0.8356572608615901,35.73526918018719
jkonet,potential,ReprParam,4,interp,0,0.5697871177594578,4.906697002762417
jkonet,potential,ReprParam,4,interp,1,0.5209450779425137,12.968145682856301
jkonet,potential,ReprParam,4,interp,2,0.6139160413166181,15.452265814652312
jkonet,potential,ReprParam,4,interp,3,0.5949293287943271,16.109367875316817
jkonet,potential,ReprParam,4,interp,4,0.5011076135326227,17.297545142548742
jkonet,potential,ReprParam,4,interp,5,0.6453341550699359,22.61870283664395
jkonet,potential,ReprParam,4,interp,6,0.8709020988211919,26.406413453137077
jkonet,potential,ReprParam,4,interp,7,0.7268250701015024,27.896897510648802
jkonet,potential,ReprParam,4,interp,8,1.0384687018526857,29.02438913968334
jkonet,potential-1step,ReprParam,4,forecast,-1,0.945512485704286,5.914413969629935
jkonet,potential-1step,ReprParam,4,interp,0,0.5697871177594578,4.906697002762417
jkonet,potential-1step,ReprParam,4,interp,1,0.8010975392521855,1.877472441707957
jkonet,potential-1step,ReprParam,4,interp,2,0.7923258056335702,1.7676477331803533
jkonet,potential-1step,ReprParam,4,interp,3,1.0220549181360634,1.3549624561079028
jkonet,potential-1step,ReprParam,4,interp,4,0.6127129704373514,0.856693745691811
jkonet,potential-1step,ReprParam,4,interp,5,0.7592764248702856,2.091814223298614
jkonet,potential-1step,ReprParam,4,interp,6,1.0715079684653763,2.2984961619617663
jkonet,potential-1step,ReprParam,4,interp,7,0.6412807355833442,0.8212226167851718
jkonet,potential-1step,ReprParam,4,interp,8,0.6762542434916295,1.9161287099699242
jkonet,potential,ReprParam,40,forecast,-1,1.3052026852586127,32.69223171684594
jkonet,potential,ReprParam,40,interp,0,0.7131137721224963,4.803200505745557
jkonet,potential,ReprParam,40,interp,1,0.7486566493652262,13.056987413243757
jkonet,potential,ReprParam,40,interp,2,0.903610229385317,16.20261392535344
jkonet,potential,ReprParam,40,interp,3,1.0449198673110438,16.980480157496885
jkonet,potential,ReprParam,40,interp,4,0.953556188333768,17.157063898831716
jkonet,potential,ReprParam,40,interp,5,1.1598085069819193,22.35012196627662
jkonet,potential,ReprParam,40,interp,6,1.2613673312166918,25.804959902931436
jkonet,potential,ReprParam,40,interp,7,1.0975606566388092,26.512720050471412
jkonet,potential,ReprParam,40,interp,8,1.2602765676494447,26.477308673138097
jkonet,potential-1step,ReprParam,40,forecast,-1,0.9522463930846434,5.831099585501984
jkonet,potential-1step,ReprParam,40,interp,0,0.7131137721224963,4.803200505745557
jkonet,potential-1step,ReprParam,40,interp,1,0.8490151725939477,1.863789078875506
jkonet,potential-1step,ReprParam,40,interp,2,0.7588128284221729,1.823033773225919
jkonet,potential-1step,ReprParam,40,interp,3,0.9795113090416223,1.289541435896141
jkonet,potential-1step,ReprParam,40,interp,4,0.6088809249247997,0.8126737563984432
jkonet,potential-1step,ReprParam,40,interp,5,0.7696452569309393,2.0379001401236736
jkonet,potential-1step,ReprParam,40,interp,6,1.076739242349877,2.3369657760116107
jkonet,potential-1step,ReprParam,40,interp,7,0.6427085471429483,0.8014462665896058
jkonet,potential-1step,ReprParam,40,interp,8,0.6856182102060397,1.8783530876773273
jkonet,potential,ReprParam,41,forecast,-1,1.0445826035219392,49.35813139627515
jkonet,potential,ReprParam,41,interp,0,0.6025478906259558,2.1227641675459776
jkonet,potential,ReprParam,41,interp,1,0.6161547564511186,9.030059212940586
jkonet,potential,ReprParam,41,interp,2,0.6381465041920028,14.531319729992086
jkonet,potential,ReprParam,41,interp,3,0.7388712436631343,17.662737061201472
jkonet,potential,ReprParam,41,interp,4,0.6707338350693091,21.66969433095256
jkonet,potential,ReprParam,41,interp,5,0.8248697247868486,29.05863578012416
jkonet,potential,ReprParam,41,interp,6,0.9619607026935066,33.660767988602494
jkonet,potential,ReprParam,41,interp,7,0.7659979551774675,34.90668558618366
jkonet,potential,ReprParam,41,interp,8,0.9616609117256123,39.06667400085783
jkonet,potential-1step,ReprParam,41,forecast,-1,0.9553775533035131,5.8380284941161245
jkonet,potential-1step,ReprParam,41,interp,0,0.6025478906259558,2.1227641675459776
jkonet,potential-1step,ReprParam,41,interp,1,0.8655845217174833,1.8757132841286661
jkonet,potential-1step,ReprParam,41,interp,2,0.7510318651269049,1.7292429394382087
jkonet,potential-1step,ReprParam,41,interp,3,0.9540740312917022,1.346796239255797
jkonet,potential-1step,ReprParam,41,interp,4,0.6376850773050781,0.8747853290243308
jkonet,potential-1step,ReprParam,41,interp,5,0.7692608695884846,2.0660147624765006
jkonet,potential-1step,ReprParam,41,interp,6,1.07559848845313,2.252646463195529
jkonet,potential-1step,ReprParam,41,interp,7,0.6475189036429847,0.8324231503420296
jkonet,potential-1step,ReprParam,41,interp,8,0.691269514494569,1.9193753596439556
jkonet,potential,ReprParam,42,forecast,-1,1.2097187299398056,47.3430450232317
jkonet,potential,ReprParam,42,interp,0,0.5777702311694032,5.915694784132831
jkonet,potential,ReprParam,42,interp,1,0.5765355094143954,15.735865838835737
jkonet,potential,ReprParam,42,interp,2,0.6851151605230726,20.425453811889643
jkonet,potential,ReprParam,42,interp,3,0.8628559310778177,23.214930418039625
jkonet,potential,ReprParam,42,interp,4,0.794077090517966,24.317038805157548
jkonet,potential,ReprParam,42,interp,5,0.9674459851325934,30.601272455118853
jkonet,potential,ReprParam,42,interp,6,1.1116436544540087,35.957274356882785
jkonet,potential,ReprParam,42,interp,7,0.9282669019312104,39.102124300404924
jkonet,potential,ReprParam,42,interp,8,1.1307312405601493,39.81258436988759
jkonet,potential-1step,ReprParam,42,forecast,-1,0.9285637196098443,5.811338666476456
jkonet,potential-1step,ReprParam,42,interp,0,0.5777702311694032,5.915694784132831
jkonet,potential-1step,ReprParam,42,interp,1,0.8738272677597696,1.824466497008013
jkonet,potential-1step,ReprParam,42,interp,2,0.7759608897697423,1.775579102006078
jkonet,potential-1step,ReprParam,42,interp,3,1.0170609749557538,1.3225412422142768
jkonet,potential-1step,ReprParam,42,interp,4,0.620664173923231,0.8383802035206336
jkonet,potential-1step,ReprParam,42,interp,5,0.7509616852436523,2.050434144343176
jkonet,potential-1step,ReprParam,42,interp,6,1.0722121680018701,2.309656031393392
jkonet,potential-1step,ReprParam,42,interp,7,0.6373252382915515,0.819652888750353
jkonet,potential-1step,ReprParam,42,interp,8,0.6888955689235813,1.901689335643085
jkonet,potential,ReprParam,43,forecast,-1,1.3614929233941073,47.11700554205656
jkonet,potential,ReprParam,43,interp,0,0.5702165628828262,3.3858978283242855
jkonet,potential,ReprParam,43,interp,1,0.5270212431805057,11.49244132746489
jkonet,potential,ReprParam,43,interp,2,0.5898895432606144,15.727182580170957
jkonet,potential,ReprParam,43,interp,3,0.9020951423430026,17.50026577905614
jkonet,potential,ReprParam,43,interp,4,0.944111685246527,21.278545667578406
jkonet,potential,ReprParam,43,interp,5,1.2047577517449104,28.911459005021484
jkonet,potential,ReprParam,43,interp,6,1.3111006576023108,33.8329845639132
jkonet,potential,ReprParam,43,interp,7,1.1834703659344723,35.1821479958008
jkonet,potential,ReprParam,43,interp,8,1.323298209280356,37.9832081305537
jkonet,potential-1step,ReprParam,43,forecast,-1,0.9555186254650814,5.855162004148284
jkonet,potential-1step,ReprParam,43,interp,0,0.5702165628828262,3.3858978283242855
jkonet,potential-1step,ReprParam,43,interp,1,0.893367483118642,1.8613061721972517
jkonet,potential-1step,ReprParam,43,interp,2,0.7773539286701167,1.752119600494149
jkonet,potential-1step,ReprParam,43,interp,3,0.9823125824630023,1.3479545199532255
jkonet,potential-1step,ReprParam,43,interp,4,0.6353974460422892,0.868100622617007
jkonet,potential-1step,ReprParam,43,interp,5,0.7615710141505836,2.0453470816860793
jkonet,potential-1step,ReprParam,43,interp,6,1.0837073322401036,2.310665476465441
jkonet,potential-1step,ReprParam,43,interp,7,0.6392738617115473,0.8045408492555272
jkonet,potential-1step,ReprParam,43,interp,8,0.6805159729498976,1.9105949808122145
jkonet,potential,ReprParam,44,forecast,-1,1.3887340827857484,36.13998844593723
jkonet,potential,ReprParam,44,interp,0,0.7940874007623351,4.567389935523666
jkonet,potential,ReprParam,44,interp,1,0.7435604605254946,12.720563843994428
jkonet,potential,ReprParam,44,interp,2,0.7593242105158555,15.80082353090255
jkonet,potential,ReprParam,44,interp,3,0.8233568204819017,16.39479605447656
jkonet,potential,ReprParam,44,interp,4,0.7782384065205386,17.77228232320345
jkonet,potential,ReprParam,44,interp,5,1.1269489149307588,23.53324185783013
jkonet,potential,ReprParam,44,interp,6,1.317337872861789,26.931198599650944
jkonet,potential,ReprParam,44,interp,7,1.2275124735195404,27.192137312828674
jkonet,potential,ReprParam,44,interp,8,1.3584203993668165,28.680011769321045
jkonet,potential-1step,ReprParam,44,forecast,-1,0.9894262903288854,5.837408010143502
jkonet,potential-1step,ReprParam,44,interp,0,0.7940874007623351,4.567389935523666
jkonet,potential-1step,ReprParam,44,interp,1,0.8755545564224935,1.8252241827072706
jkonet,potential-1step,ReprParam,44,interp,2,0.7899701427300398,1.7748928891602131
jkonet,potential-1step,ReprParam,44,interp,3,1.0381693722487257,1.321476460173184
jkonet,potential-1step,ReprParam,44,interp,4,0.6386607263729741,0.8520829569563526
jkonet,potential-1step,ReprParam,44,interp,5,0.7573042380872075,2.032176545570527
jkonet,potential-1step,ReprParam,44,interp,6,1.088693411551459,2.312881331983902
jkonet,potential-1step,ReprParam,44,interp,7,0.6406405719110857,0.8239068465341622
jkonet,potential-1step,ReprParam,44,interp,8,0.7018156691876352,1.919680143177772
jkonet,potential,ReprParam,5,forecast,-1,0.9844354886245914,44.910741162526485
jkonet,potential,ReprParam,5,interp,0,0.7088707873030808,3.6541291483951786
jkonet,potential,ReprParam,5,interp,1,0.596547186396265,11.790643814901866
jkonet,potential,ReprParam,5,interp,2,0.5449290941169442,16.070052835243736
jkonet,potential,ReprParam,5,interp,3,0.6588849861505608,18.173604978033687
jkonet,potential,ReprParam,5,interp,4,0.5590652497755015,20.766271184764218
jkonet,potential,ReprParam,5,interp,5,0.7345064940615507,27.70646640976789
jkonet,potential,ReprParam,5,interp,6,0.8793255868297454,32.24335442618407
jkonet,potential,ReprParam,5,interp,7,0.7783290623448185,33.94392845224196
jkonet,potential,ReprParam,5,interp,8,0.94138635329134,36.19453241532131
jkonet,potential-1step,ReprParam,5,forecast,-1,0.9741891114948551,5.839449537498578
jkonet,potential-1step,ReprParam,5,interp,0,0.7088707873030808,3.6541291483951786
jkonet,potential-1step,ReprParam,5,interp,1,0.8308269648540285,1.845228203270125
jkonet,potential-1step,ReprParam,5,interp,2,0.824700461111319,1.8151760018657952
jkonet,potential-1step,ReprParam,5,interp,3,1.0237225137814576,1.3274558359375177
jkonet,potential-1step,ReprParam,5,interp,4,0.6374666863372485,0.8291062870892129
jkonet,potential-1step,ReprParam,5,interp,5,0.7624683654931563,2.0385822012299752
jkonet,potential-1step,ReprParam,5,interp,6,1.0746388504385849,2.351640280455765
jkonet,potential-1step,ReprParam,5,interp,7,0.6443987769038997,0.8361017870635503
jkonet,potential-1step,ReprParam,5,interp,8,0.6929302878926967,1.9080946984300207
jkonet,potential,ReprProtein,1,forecast,-1,1.2227246064089208,43.66229325535073
jkonet,potential,ReprProtein,1,interp,0,0.7303256385588303,5.722643212418408
jkonet,potential,ReprProtein,1,interp,1,0.5264026149649594,9.354024240730869
jkonet,potential,ReprProtein,1,interp,2,0.5146674115182801,13.223349455806062
jkonet,potential,ReprProtein,1,interp,3,0.5702994743088106,17.947386650831255
jkonet,potential,ReprProtein,1,interp,4,0.6959382711332505,22.477077578267565
jkonet,potential,ReprProtein,1,interp,5,0.7483259061185392,26.39542472876819
jkonet,potential,ReprProtein,1,interp,6,0.9234994499103784,29.73250950306371
jkonet,potential,ReprProtein,1,interp,7,0.9472922134581312,32.17858133156578
jkonet,potential,ReprProtein,1,interp,8,0.764598863523551,35.22600023046125
jkonet,potential-1step,ReprProtein,1,forecast,-1,1.082991115898385,3.576528869521699
jkonet,potential-1step,ReprProtein,1,interp,0,0.7303256385588303,5.722643212418408
jkonet,potential-1step,ReprProtein,1,interp,1,0.5953804778784659,2.8166373118951635
jkonet,potential-1step,ReprProtein,1,interp,2,0.6830046448824592,0.7759216504947706
jkonet,potential-1step,ReprProtein,1,interp,3,0.7379840089116592,0.4029901582105695
jkonet,potential-1step,ReprProtein,1,interp,4,0.37847079053697524,0.4872366097193735
jkonet,potential-1step,ReprProtein,1,interp,5,0.06961608889470094,0.19393179907524952
jkonet,potential-1step,ReprProtein,1,interp,6,0.32734728723041273,0.8381635360658053
jkonet,potential-1step,ReprProtein,1,interp,7,0.1696141315092109,0.9032385286985949
jkonet,potential-1step,ReprProtein,1,interp,8,0.42394779674267546,0.5886601640406837
jkonet,potential,ReprProtein,2,forecast,-1,1.2988130212195999,93.1174692149543
jkonet,potential,ReprProtein,2,interp,0,0.571243242284841,7.275764617119494
jkonet,potential,ReprProtein,2,interp,1,0.44673233760372755,13.34820801990986
jkonet,potential,ReprProtein,2,interp,2,0.45409799468047607,20.96698328279142
jkonet,potential,ReprProtein,2,interp,3,0.5095162172262028,30.99873602518464
jkonet,potential,ReprProtein,2,interp,4,0.6545112548730286,41.53031475424457
jkonet,potential,ReprProtein,2,interp,5,0.7633953389804479,52.12703927547696
jkonet,potential,ReprProtein,2,interp,6,0.9925494855879178,61.697957249450994
jkonet,potential,ReprProtein,2,interp,7,1.0378697370599148,69.40115523709431
jkonet,potential,ReprProtein,2,interp,8,0.8600586473226293,77.50714040106013
jkonet,potential-1step,ReprProtein,2,forecast,-1,1.0774743437804228,3.573833722857937
jkonet,potential-1step,ReprProtein,2,interp,0,0.571243242284841,7.275764617119494
jkonet,potential-1step,ReprProtein,2,interp,1,0.6330018945962257,2.7948983372607126
jkonet,potential-1step,ReprProtein,2,interp,2,0.6784281965356472,0.7983589376108261
jkonet,potential-1step,ReprProtein,2,interp,3,0.704727030306376,0.4089895325415692
jkonet,potential-1step,ReprProtein,2,interp,4,0.33790879157171405,0.4698548126768494
jkonet,potential-1step,ReprProtein,2,interp,5,0.09372013233046456,0.21315036884923344
jkonet,potential-1step,ReprProtein,2,interp,6,0.32477684606794055,0.8324124631640187
jkonet,potential-1step,ReprProtein,2,interp,7,0.16166150646581467,0.8737233104175333
jkonet,potential-1step,ReprProtein,2,interp,8,0.4431156179892226,0.6096093713186531
jkonet,potential,ReprProtein,3,forecast,-1,1.2966205434153737,52.927729810004735
jkonet,potential,ReprProtein,3,interp,0,0.5964003478369531,6.989898979829451
jkonet,potential,ReprProtein,3,interp,1,0.46562906463360176,11.376325773889858
jkonet,potential,ReprProtein,3,interp,2,0.45986680035216737,15.969906527974848
jkonet,potential,ReprProtein,3,interp,3,0.5331690010553478,21.71389957654423
jkonet,potential,ReprProtein,3,interp,4,0.701617282037195,27.523391211170036
jkonet,potential,ReprProtein,3,interp,5,0.8013095830000057,33.09135845306091
jkonet,potential,ReprProtein,3,interp,6,1.0226872022187812,37.71772016297191
jkonet,potential,ReprProtein,3,interp,7,1.073026703518745,40.62496052950665
jkonet,potential,ReprProtein,3,interp,8,0.9210385832559077,43.98964119620984
jkonet,potential-1step,ReprProtein,3,forecast,-1,1.074245229124391,3.564137909592039
jkonet,potential-1step,ReprProtein,3,interp,0,0.5964003478369531,6.989898979829451
jkonet,potential-1step,ReprProtein,3,interp,1,0.5983065447402555,2.779690414901485
jkonet,potential-1step,ReprProtein,3,interp,2,0.8160433335802932,0.7926271630755456
jkonet,potential-1step,ReprProtein,3,interp,3,0.8082472490677337,0.39131320159204824
jkonet,potential-1step,ReprProtein,3,interp,4,0.33461021488625425,0.457117486152251
jkonet,potential-1step,ReprProtein,3,interp,5,0.14271843792475053,0.24281891669594222
jkonet,potential-1step,ReprProtein,3,interp,6,0.34869111347541615,0.8612928708057092
jkonet,potential-1step,ReprProtein,3,interp,7,0.18005110531343282,0.9102384867984896
jkonet,potential-1step,ReprProtein,3,interp,8,0.41147349530853217,0.5822292751444441
jkonet,potential,ReprProtein,4,forecast,-1,1.4126972028721874,41.41016367914825
jkonet,potential,ReprProtein,4,interp,0,0.9697080409940222,7.388909372689808
jkonet,potential,ReprProtein,4,interp,1,0.7191007413663644,12.3807929954619
jkonet,potential,ReprProtein,4,interp,2,0.7585293019347152,15.62473719484237
jkonet,potential,ReprProtein,4,interp,3,0.9705721960644424,19.778102239440315
jkonet,potential,ReprProtein,4,interp,4,1.1645373891780713,23.77688819155618
jkonet,potential,ReprProtein,4,interp,5,1.2215643253017965,27.605660270669688
jkonet,potential,ReprProtein,4,interp,6,1.323106374335792,30.663540092277334
jkonet,potential,ReprProtein,4,interp,7,1.3354387201081295,32.29374031493485
jkonet,potential,ReprProtein,4,interp,8,1.2646337470619269,34.56072959772762
jkonet,potential-1step,ReprProtein,4,forecast,-1,1.057060976165444,3.522461189522821
jkonet,potential-1step,ReprProtein,4,interp,0,0.9697080409940222,7.388909372689808
jkonet,potential-1step,ReprProtein,4,interp,1,0.6026882336105759,2.815938396780399
jkonet,potential-1step,ReprProtein,4,interp,2,0.6741525714365606,0.767054470398531
jkonet,potential-1step,ReprProtein,4,interp,3,0.76987812133237,0.39435236906340465
jkonet,potential-1step,ReprProtein,4,interp,4,0.3893737374018808,0.4889768329812569
jkonet,potential-1step,ReprProtein,4,interp,5,0.09207587426628272,0.21634203644595046
jkonet,potential-1step,ReprProtein,4,interp,6,0.3317546858029989,0.8470084027386685
jkonet,potential-1step,ReprProtein,4,interp,7,0.17380783221241186,0.9121672760440036
jkonet,potential-1step,ReprProtein,4,interp,8,0.3787697568428173,0.5557787591423511
jkonet,potential,ReprProtein,40,forecast,-1,1.4019126935546435,61.22981139005692
jkonet,potential,ReprProtein,40,interp,0,0.7078692111021654,5.816467026724523
jkonet,potential,ReprProtein,40,interp,1,0.5404123280408816,9.687344730241627
jkonet,potential,ReprProtein,40,interp,2,0.5540480763867018,13.705064525675969
jkonet,potential,ReprProtein,40,interp,3,0.6612345371879853,19.53342429497851
jkonet,potential,ReprProtein,40,interp,4,0.8711786850215747,26.34594889266012
jkonet,potential,ReprProtein,40,interp,5,0.9507500394997527,33.54231934853755
jkonet,potential,ReprProtein,40,interp,6,1.1402967677882854,40.006508723570064
jkonet,potential,ReprProtein,40,interp,7,1.214383957320798,44.845747612714064
jkonet,potential,ReprProtein,40,interp,8,1.1383749881701948,50.23003714706524
jkonet,potential-1step,ReprProtein,40,forecast,-1,1.0736677033275643,3.589298126152443
jkonet,potential-1step,ReprProtein,40,interp,0,0.7078692111021654,5.816467026724523
jkonet,potential-1step,ReprProtein,40,interp,1,0.598982108453233,2.787877885771469
jkonet,potential-1step,ReprProtein,40,interp,2,0.6919490798913446,0.8000683110620158
jkonet,potential-1step,ReprProtein,40,interp,3,0.7799102776715341,0.41196892176709005
jkonet,potential-1step,ReprProtein,40,interp,4,0.34145740373108996,0.4665615238673137
jkonet,potential-1step,ReprProtein,40,interp,5,0.08567418962588086,0.20167894327926483
jkonet,potential-1step,ReprProtein,40,interp,6,0.33298412242944425,0.831016219429541
jkonet,potential-1step,ReprProtein,40,interp,7,0.17548856904348303,0.8850068088895698
jkonet,potential-1step,ReprProtein,40,interp,8,0.42436706400701335,0.5893614820345205
jkonet,potential,ReprProtein,41,forecast,-1,1.1240319285325315,66.77634482454327
jkonet,potential,ReprProtein,41,interp,0,0.7218011793866541,6.004500979548023
jkonet,potential,ReprProtein,41,interp,1,0.4647810286979713,8.858623288891502
jkonet,potential,ReprProtein,41,interp,2,0.448285626890123,13.518608355151931
jkonet,potential,ReprProtein,41,interp,3,0.48668252736139006,21.10894171778388
jkonet,potential,ReprProtein,41,interp,4,0.5580259849618339,29.241196394673295
jkonet,potential,ReprProtein,41,interp,5,0.605598589803295,37.44564673550029
jkonet,potential,ReprProtein,41,interp,6,0.7555572475609678,44.56456013212583
jkonet,potential,ReprProtein,41,interp,7,0.7929561506662139,49.75874073296262
jkonet,potential,ReprProtein,41,interp,8,0.6537964903667077,55.39732919525646
jkonet,potential-1step,ReprProtein,41,forecast,-1,1.0809834488551517,3.570441775140981
jkonet,potential-1step,ReprProtein,41,interp,0,0.7218011793866541,6.004500979548023
jkonet,potential-1step,ReprProtein,41,interp,1,0.5921276656757437,2.7949539808960786
jkonet,potential-1step,ReprProtein,41,interp,2,0.7306214260944754,0.8097365173658467
jkonet,potential-1step,ReprProtein,41,interp,3,0.7962909224632306,0.41234522034396925
jkonet,potential-1step,ReprProtein,41,interp,4,0.3369566215233786,0.46136394659812074
jkonet,potential-1step,ReprProtein,41,interp,5,0.10406250956504487,0.21976048548296692
jkonet,potential-1step,ReprProtein,41,interp,6,0.3332844174247837,0.8537909310825024
jkonet,potential-1step,ReprProtein,41,interp,7,0.16943086733120505,0.9050146874633235
jkonet,potential-1step,ReprProtein,41,interp,8,0.43631514681058897,0.6074265595478706
jkonet,potential,ReprProtein,42,forecast,-1,1.0057744614989979,35.041656116245
jkonet,potential,ReprProtein,42,interp,0,0.6475195131409293,6.635891012953689
jkonet,potential,ReprProtein,42,interp,1,0.47042953502232426,9.961322518516882
jkonet,potential,ReprProtein,42,interp,2,0.4565926107246442,12.878814599723185
jkonet,potential,ReprProtein,42,interp,3,0.4827495795228942,16.521129462193056
jkonet,potential,ReprProtein,42,interp,4,0.6242647205893483,20.566475377270052
jkonet,potential,ReprProtein,42,interp,5,0.8589609531944199,24.780199959963287
jkonet,potential,ReprProtein,42,interp,6,1.111909899101061,27.67655575088325
jkonet,potential,ReprProtein,42,interp,7,1.170102412947072,28.348166542051594
jkonet,potential,ReprProtein,42,interp,8,1.0359424289471448,29.36074379740311
jkonet,potential-1step,ReprProtein,42,forecast,-1,1.0869150551976101,3.567572105511311
jkonet,potential-1step,ReprProtein,42,interp,0,0.6475195131409293,6.635891012953689
jkonet,potential-1step,ReprProtein,42,interp,1,0.5973471975788331,2.7851362960068147
jkonet,potential-1step,ReprProtein,42,interp,2,0.7555782657496873,0.814895702628909
jkonet,potential-1step,ReprProtein,42,interp,3,0.7763726412472587,0.3972034791622999
jkonet,potential-1step,ReprProtein,42,interp,4,0.31971740735286447,0.44316701054249114
jkonet,potential-1step,ReprProtein,42,interp,5,0.10059807467925758,0.2168650578449892
jkonet,potential-1step,ReprProtein,42,interp,6,0.3449272319471187,0.8483696611809695
jkonet,potential-1step,ReprProtein,42,interp,7,0.16809615161422664,0.8918802752137324
jkonet,potential-1step,ReprProtein,42,interp,8,0.4185693110317059,0.5890631613426863
jkonet,potential,ReprProtein,43,forecast,-1,1.19758486298717,63.1524547177673
jkonet,potential,ReprProtein,43,interp,0,0.5973546440663535,5.820976827036263
jkonet,potential,ReprProtein,43,interp,1,0.4419209967496699,9.959757866244177
jkonet,potential,ReprProtein,43,interp,2,0.4602952814198701,15.653723891548044
jkonet,potential,ReprProtein,43,interp,3,0.5430718076394283,22.684365157795085
jkonet,potential,ReprProtein,43,interp,4,0.6851822353021007,29.471840235673433
jkonet,potential,ReprProtein,43,interp,5,0.7400788675226266,35.922046020916056
jkonet,potential,ReprProtein,43,interp,6,0.9180278230072744,41.72694760597707
jkonet,potential,ReprProtein,43,interp,7,0.9387584078552089,46.39017760276023
jkonet,potential,ReprProtein,43,interp,8,0.7393069196633886,51.603512875541725
jkonet,potential-1step,ReprProtein,43,forecast,-1,1.0832416171095025,3.6213812332490742
jkonet,potential-1step,ReprProtein,43,interp,0,0.5973546440663535,5.820976827036263
jkonet,potential-1step,ReprProtein,43,interp,1,0.5946821112914495,2.7735128368196924
jkonet,potential-1step,ReprProtein,43,interp,2,0.7948433892870486,0.8355789716034213
jkonet,potential-1step,ReprProtein,43,interp,3,0.8246772482896498,0.41895458346361203
jkonet,potential-1step,ReprProtein,43,interp,4,0.30862613761420504,0.4417497228879094
jkonet,potential-1step,ReprProtein,43,interp,5,0.0886608857806993,0.20378609178596344
jkonet,potential-1step,ReprProtein,43,interp,6,0.34218834625383104,0.853010957340632
jkonet,potential-1step,ReprProtein,43,interp,7,0.17667879585635227,0.9007542865421054
jkonet,potential-1step,ReprProtein,43,interp,8,0.45802176333354366,0.6159090928842349
jkonet,potential,ReprProtein,44,forecast,-1,1.3374105251214172,46.85879098329978
jkonet,potential,ReprProtein,44,interp,0,0.8394267588256044,5.583941073516237
jkonet,potential,ReprProtein,44,interp,1,0.5272201529380545,8.604591280781596
jkonet,potential,ReprProtein,44,interp,2,0.5002325426595862,11.916130986402084
jkonet,potential,ReprProtein,44,interp,3,0.5894502186558594,16.27905521764454
jkonet,potential,ReprProtein,44,interp,4,0.8411442363664696,21.155661314514617
jkonet,potential,ReprProtein,44,interp,5,0.9068195055143866,26.125302821399845
jkonet,potential,ReprProtein,44,interp,6,1.0685783408581029,30.675884291028318
jkonet,potential,ReprProtein,44,interp,7,1.1046988600931402,33.8393721164707
jkonet,potential,ReprProtein,44,interp,8,0.9363174333054111,37.77034428459312
jkonet,potential-1step,ReprProtein,44,forecast,-1,1.065604745456548,3.5236574353916206
jkonet,potential-1step,ReprProtein,44,interp,0,0.8394267588256044,5.583941073516237
jkonet,potential-1step,ReprProtein,44,interp,1,0.6208165871478097,2.7983138384108734
jkonet,potential-1step,ReprProtein,44,interp,2,0.688573745514004,0.7639490451612133
jkonet,potential-1step,ReprProtein,44,interp,3,0.7663618245890136,0.39361246765104324
jkonet,potential-1step,ReprProtein,44,interp,4,0.3755174353517391,0.478014409326307
jkonet,potential-1step,ReprProtein,44,interp,5,0.11625237943332017,0.22434415652722076
jkonet,potential-1step,ReprProtein,44,interp,6,0.34715428988179137,0.8558842076645482
jkonet,potential-1step,ReprProtein,44,interp,7,0.17396191607780903,0.918029478643761
jkonet,potential-1step,ReprProtein,44,interp,8,0.41106949954146027,0.5893630998187211
jkonet,potential,ReprProtein,5,forecast,-1,0.769141704878324,64.12884038614338
jkonet,potential,ReprProtein,5,interp,0,0.5542646249844995,6.012338404750578
jkonet,potential,ReprProtein,5,interp,1,0.4623900346386316,9.54175615647666
jkonet,potential,ReprProtein,5,interp,2,0.46331796819372334,13.965967078313325
jkonet,potential,ReprProtein,5,interp,3,0.5025445045828383,20.588287181437384
jkonet,potential,ReprProtein,5,interp,4,0.6230203603048704,28.158214310226157
jkonet,potential,ReprProtein,5,interp,5,0.6646658651077155,36.043630539921175
jkonet,potential,ReprProtein,5,interp,6,0.839783310084559,42.86860299722702
jkonet,potential,ReprProtein,5,interp,7,0.8180611454125519,47.573309326632824
jkonet,potential,ReprProtein,5,interp,8,0.5613962064763245,52.73906726510685
jkonet,potential-1step,ReprProtein,5,forecast,-1,1.0830350145365095,3.6252638331828932
jkonet,potential-1step,ReprProtein,5,interp,0,0.5542646249844995,6.012338404750578
jkonet,potential-1step,ReprProtein,5,interp,1,0.5951264329897914,2.7922587333229605
jkonet,potential-1step,ReprProtein,5,interp,2,0.6910139557260708,0.8129261828719482
jkonet,potential-1step,ReprProtein,5,interp,3,0.7510171234495913,0.410999966695591
jkonet,potential-1step,ReprProtein,5,interp,4,0.29996307381017623,0.43175763148157703
jkonet,potential-1step,ReprProtein,5,interp,5,0.07273453758427278,0.2058494238692131
jkonet,potential-1step,ReprProtein,5,interp,6,0.3472004099513744,0.8513539227870707
jkonet,potential-1step,ReprProtein,5,interp,7,0.1797849999996482,0.9003881845445895
jkonet,potential-1step,ReprProtein,5,interp,8,0.4189650655571273,0.5933158770255547
pisde,const0.1,GoM,1,forecast,-1,0.7966648931104092,0.45714381039585
pisde,const0.1,GoM,1,interp,0,0.16741303485662434,0.05183949343878913
pisde,const0.1,GoM,1,interp,1,0.15158971658554382,0.05117762394836022
pisde,const0.1,GoM,1,interp,2,0.11041981143646296,0.045173671218785114
pisde,const0.1,GoM,1,interp,3,0.1572865989516979,0.05923435556708791
pisde,const0.1,GoM,1,interp,4,0.0825288247404729,0.042696852476522634
pisde,const0.1,GoM,1,interp,5,0.19355022636189018,0.0737132691779715
pisde,const0.1,GoM,1,interp,6,0.06414149875518677,0.05884812962374971
pisde,const0.1,GoM,1,interp,7,0.05797590859286189,0.07025701164553287
pisde,const0.1,GoM,1,interp,8,0.06799792723356463,0.10916482397507002
pisde,const0.1,GoM,2,forecast,-1,0.7895875673610384,0.42456356959728697
pisde,const0.1,GoM,2,interp,0,0.27037076898360574,0.06757513014711372
pisde,const0.1,GoM,2,interp,1,0.10485708929660847,0.04627295545989155
pisde,const0.1,GoM,2,interp,2,0.10032733463318166,0.045266526780279794
pisde,const0.1,GoM,2,interp,3,0.16372141347305252,0.05900428967773601
pisde,const0.1,GoM,2,interp,4,0.17836137488890047,0.06005086904543436
pisde,const0.1,GoM,2,interp,5,0.10073727973296898,0.050165254043767635
pisde,const0.1,GoM,2,interp,6,0.10427654797629765,0.0661727186303039
pisde,const0.1,GoM,2,interp,7,0.09632990539065556,0.08092602239630434
pisde,const0.1,GoM,2,interp,8,0.09576025082436351,0.11012738959688011
pisde,const0.1,GoM,3,forecast,-1,0.9338756621738854,0.4098149455820464
pisde,const0.1,GoM,3,interp,0,0.15515803377286225,0.053140483172747624
pisde,const0.1,GoM,3,interp,1,0.17076007053644002,0.060670114223830326
pisde,const0.1,GoM,3,interp,2,0.18067799253052635,0.05798378140296294
pisde,const0.1,GoM,3,interp,3,0.14313496083812022,0.055784843073737524
pisde,const0.1,GoM,3,interp,4,0.06585757813828802,0.0408738631215631
pisde,const0.1,GoM,3,interp,5,0.10396692727034801,0.058477244734328554
pisde,const0.1,GoM,3,interp,6,0.051363227801404066,0.04763857603226701
pisde,const0.1,GoM,3,interp,7,0.0901819667331889,0.09075816916496637
pisde,const0.1,GoM,3,interp,8,0.06788762983205104,0.12854732529452853
pisde,const0.1,GoM,4,forecast,-1,0.8633867684760692,0.4057545076006543
pisde,const0.1,GoM,4,interp,0,0.14038466282209452,0.04369070212568412
pisde,const0.1,GoM,4,interp,1,0.14890794715012942,0.05462666278122194
pisde,const0.1,GoM,4,interp,2,0.3003174828054854,0.07049818614227576
pisde,const0.1,GoM,4,interp,3,0.11861525823507968,0.056693517699811305
pisde,const0.1,GoM,4,interp,4,0.0593229448042093,0.04233879399664631
pisde,const0.1,GoM,4,interp,5,0.10298942140981199,0.05882557797680873
pisde,const0.1,GoM,4,interp,6,0.044378998162862004,0.05090997709129956
pisde,const0.1,GoM,4,interp,7,0.10065643013492975,0.09373536696152596
pisde,const0.1,GoM,4,interp,8,0.06450910421917494,0.11889558349590534
pisde,const0.1,GoM,40,forecast,-1,0.6868012962057285,0.3466159890040466
pisde,const0.1,GoM,40,interp,0,0.2861633082344446,0.0785965659245052
pisde,const0.1,GoM,40,interp,1,0.169823861384331,0.06011798189801106
pisde,const0.1,GoM,40,interp,2,0.21436934723330742,0.06359294197199532
pisde,const0.1,GoM,40,interp,3,0.14715517785213228,0.06049604866261044
pisde,const0.1,GoM,40,interp,4,0.16084210737350635,0.05704520769096437
pisde,const0.1,GoM,40,interp,5,0.06483649188477814,0.042107332736390064
pisde,const0.1,GoM,40,interp,6,0.07469223696660421,0.05787374433237492
pisde,const0.1,GoM,40,interp,7,0.07507752297025272,0.08068489404615922
pisde,const0.1,GoM,40,interp,8,0.04113940346682593,0.10365589622732121
pisde,const0.1,GoM,41,forecast,-1,0.7894797089566705,0.40384070121847376
pisde,const0.1,GoM,41,interp,0,0.2080540169315486,0.06317055732958435
pisde,const0.1,GoM,41,interp,1,0.09219800178137372,0.03784493451098749
pisde,const0.1,GoM,41,interp,2,0.12874996217135576,0.04185038399655878
pisde,const0.1,GoM,41,interp,3,0.11512979725992306,0.05381370110893663
pisde,const0.1,GoM,41,interp,4,0.06993797058650691,0.03788767667539257
pisde,const0.1,GoM,41,interp,5,0.0851263817403431,0.05181894341619017
pisde,const0.1,GoM,41,interp,6,0.080229291972016,0.058132486369503536
pisde,const0.1,GoM,41,interp,7,0.0961773786887829,0.08072081795622756
pisde,const0.1,GoM,41,interp,8,0.07051466574176984,0.10464251834321932
pisde,const0.1,GoM,42,forecast,-1,0.975492963117395,0.46195998464999677
pisde,const0.1,GoM,42,interp,0,0.14933526261237864,0.04619332898254924
pisde,const0.1,GoM,42,interp,1,0.15655383485370825,0.06175614833332926
pisde,const0.1,GoM,42,interp,2,0.13615586822537645,0.050995427049936225
pisde,const0.1,GoM,42,interp,3,0.09895641763542667,0.05311963379075574
pisde,const0.1,GoM,42,interp,4,0.06448074730065301,0.03995582255676376
pisde,const0.1,GoM,42,interp,5,0.09921851304521145,0.056938219227109496
pisde,const0.1,GoM,42,interp,6,0.04787098532665768,0.04786396958942691
pisde,const0.1,GoM,42,interp,7,0.10276634328703549,0.0947395215184528
pisde,const0.1,GoM,42,interp,8,0.09255082592797198,0.12664583338848123
pisde,const0.1,GoM,43,forecast,-1,0.9300991483724197,0.41037150698521646
pisde,const0.1,GoM,43,interp,0,0.21249199070201308,0.06252826662326148
pisde,const0.1,GoM,43,interp,1,0.08647521259820584,0.037920234451945055
pisde,const0.1,GoM,43,interp,2,0.13220625315536755,0.04520460910261615
pisde,const0.1,GoM,43,interp,3,0.12995980428412385,0.05251699318945067
pisde,const0.1,GoM,43,interp,4,0.07146591050715517,0.04148838389907164
pisde,const0.1,GoM,43,interp,5,0.13761869005346256,0.06398049367025262
pisde,const0.1,GoM,43,interp,6,0.05523323909942801,0.048568688314393635
pisde,const0.1,GoM,43,interp,7,0.11992330381417071,0.09629938668350166
pisde,const0.1,GoM,43,interp,8,0.11628987617226133,0.13115272079189283
pisde,const0.1,GoM,44,forecast,-1,0.9101774996176817,0.45829407781535747
pisde,const0.1,GoM,44,interp,0,0.24806672067561322,0.06438058854878284
pisde,const0.1,GoM,44,interp,1,0.08998508271153327,0.039941739194679464
pisde,const0.1,GoM,44,interp,2,0.14470238350430126,0.04966377183858862
pisde,const0.1,GoM,44,interp,3,0.1111671677548361,0.050671005996855645
pisde,const0.1,GoM,44,interp,4,0.07756516431300597,0.04142505076960887
pisde,const0.1,GoM,44,interp,5,0.10827127124112124,0.04939483328357265
pisde,const0.1,GoM,44,interp,6,0.16287540962719527,0.07342141564491073
pisde,const0.1,GoM,44,interp,7,0.15088982878298707,0.09232264911482507
pisde,const0.1,GoM,44,interp,8,0.0923406203648936,0.11544443775827089
pisde,const0.1,GoM,5,forecast,-1,0.9540449026741974,0.39986878498463896
pisde,const0.1,GoM,5,interp,0,0.22340590345333247,0.06474440180958174
pisde,const0.1,GoM,5,interp,1,0.11175965075909317,0.04154886311841267
pisde,const0.1,GoM,5,interp,2,0.19706204715825443,0.05803979910395971
pisde,const0.1,GoM,5,interp,3,0.11288082562182034,0.05082582399733066
pisde,const0.1,GoM,5,interp,4,0.08692532957096039,0.046460915516916446
pisde,const0.1,GoM,5,interp,5,0.08660868586014292,0.0469718035476015
pisde,const0.1,GoM,5,interp,6,0.06983291624506027,0.05389853785727229
pisde,const0.1,GoM,5,interp,7,0.16021176245094826,0.09874598107604644
pisde,const0.1,GoM,5,interp,8,0.17430670111822616,0.13357553817564488
pisde,const0.1,LV,1,forecast,-1,1.3038995943891858,3.9386565323938747
pisde,const0.1,LV,1,interp,0,0.14899810817717268,0.08506691049808159
pisde,const0.1,LV,1,interp,1,0.03670791217247327,0.05829915362039877
pisde,const0.1,LV,1,interp,2,0.05624756110841317,0.0730242886359995
pisde,const0.1,LV,1,interp,3,0.027622741328072686,0.060042528590747046
pisde,const0.1,LV,1,interp,4,0.03770616448636527,0.08847494961133355
pisde,const0.1,LV,1,interp,5,0.06898126099224733,0.11738516090980387
pisde,const0.1,LV,1,interp,6,0.11368979472024987,0.22392278477989794
pisde,const0.1,LV,1,interp,7,0.089328220829201,0.23770345642703652
pisde,const0.1,LV,1,interp,8,0.2642986696225758,0.45116187684270775
pisde,const0.1,LV,2,forecast,-1,1.279977076248657,3.982837752185048
pisde,const0.1,LV,2,interp,0,0.17529856476209998,0.09151534853327123
pisde,const0.1,LV,2,interp,1,0.03498472202458769,0.05989217432352367
pisde,const0.1,LV,2,interp,2,0.03236775464102892,0.0594097329717008
pisde,const0.1,LV,2,interp,3,0.039793439557610666,0.06142539621970641
pisde,const0.1,LV,2,interp,4,0.039494226724176074,0.08736865086534423
pisde,const0.1,LV,2,interp,5,0.044767513290961014,0.10651597720143571
pisde,const0.1,LV,2,interp,6,0.08559418847610017,0.20530453137199603
pisde,const0.1,LV,2,interp,7,0.11832376572452741,0.2544257554168356
pisde,const0.1,LV,2,interp,8,0.29296270783337913,0.4720899381185327
pisde,const0.1,LV,3,forecast,-1,1.2881357324977551,4.066006654670686
pisde,const0.1,LV,3,interp,0,0.26552422883151117,0.11920844096067469
pisde,const0.1,LV,3,interp,1,0.057390117020117926,0.07068982147017591
pisde,const0.1,LV,3,interp,2,0.024559493972114432,0.056069864002166604
pisde,const0.1,LV,3,interp,3,0.019559036141749864,0.04236860469895006
pisde,const0.1,LV,3,interp,4,0.019678739056590178,0.06922970830173518
pisde,const0.1,LV,3,interp,5,0.06591502941247374,0.11603604406583087
pisde,const0.1,LV,3,interp,6,0.11109981184553913,0.22975873871318178
pisde,const0.1,LV,3,interp,7,0.07912825908813126,0.21184901139098478
pisde,const0.1,LV,3,interp,8,0.2364905689846873,0.42285023039461744
pisde,const0.1,LV,4,forecast,-1,1.2687754167771335,4.004909419809945
pisde,const0.1,LV,4,interp,0,0.2261799961366831,0.10103970364003013
pisde,const0.1,LV,4,interp,1,0.03437862425686394,0.055869957905155476
pisde,const0.1,LV,4,interp,2,0.03977183592900335,0.058155292362548294
pisde,const0.1,LV,4,interp,3,0.028499813652947736,0.051030186724328096
pisde,const0.1,LV,4,interp,4,0.024208638424483397,0.07516054990240507
pisde,const0.1,LV,4,interp,5,0.04998667583145339,0.11223558572863208
pisde,const0.1,LV,4,interp,6,0.0782584077874488,0.19870194995260249
pisde,const0.1,LV,4,interp,7,0.07645781351862724,0.228750343675686
pisde,const0.1,LV,4,interp,8,0.2228723088891113,0.4394772933849467
pisde,const0.1,LV,40,forecast,-1,1.2272311714544002,3.945975927346023
pisde,const0.1,LV,40,interp,0,0.17983799773235676,0.09310424192057391
pisde,const0.1,LV,40,interp,1,0.05584484440502929,0.0694082966868406
pisde,const0.1,LV,40,interp,2,0.0403007598802822,0.06150552757585693
pisde,const0.1,LV,40,interp,3,0.05823430174822597,0.06364994068480426
pisde,const0.1,LV,40,interp,4,0.046499760508564525,0.0910535117150145
pisde,const0.1,LV,40,interp,5,0.038988395979292045,0.10851579702220213
pisde,const0.1,LV,40,interp,6,0.07645298336646655,0.16853483484262116
pisde,const0.1,LV,40,interp,7,0.0933216784590919,0.25859615307022016
pisde,const0.1,LV,40,interp,8,0.24485508780644266,0.47604071170178863
pisde,const0.1,LV,41,forecast,-1,1.2811199810668232,3.9418778283550404
pisde,const0.1,LV,41,interp,0,0.21622707020138193,0.10541525687405782
pisde,const0.1,LV,41,interp,1,0.033078447633328456,0.0531802269416154
pisde,const0.1,LV,41,interp,2,0.05033719185796126,0.06554762119834123
pisde,const0.1,LV,41,interp,3,0.05183195213471575,0.06636635910919418
pisde,const0.1,LV,41,interp,4,0.04750289431108684,0.08455703353532283
pisde,const0.1,LV,41,interp,5,0.04133909663173274,0.10980977561712998
pisde,const0.1,LV,41,interp,6,0.04333757167326069,0.14933717880987213
pisde,const0.1,LV,41,interp,7,0.11842382500683857,0.29265432426666554
pisde,const0.1,LV,41,interp,8,0.28882053222382814,0.5085802388320897
pisde,const0.1,LV,42,forecast,-1,1.1385143160131905,4.13695817775406
pisde,const0.1,LV,42,interp,0,0.20521264917835214,0.09934187206314872
pisde,const0.1,LV,42,interp,1,0.040310081106626816,0.05886634200726103
pisde,const0.1,LV,42,interp,2,0.041547820685198134,0.06668152175053213
pisde,const0.1,LV,42,interp,3,0.05100723891314135,0.07076632968512281
pisde,const0.1,LV,42,interp,4,0.03152267957613075,0.07790052674360597
pisde,const0.1,LV,42,interp,5,0.06438372354537075,0.12758793202326327
pisde,const0.1,LV,42,interp,6,0.0622336573025698,0.16995644188082107
pisde,const0.1,LV,42,interp,7,0.12028028134981661,0.30562761355769696
pisde,const0.1,LV,42,interp,8,0.2778875749230367,0.5519583505008001
pisde,const0.1,LV,43,forecast,-1,1.2514321292238713,4.21823818204731
pisde,const0.1,LV,43,interp,0,0.2771530442321045,0.1258603217237314
pisde,const0.1,LV,43,interp,1,0.04499352145205715,0.06001137903709387
pisde,const0.1,LV,43,interp,2,0.03956041567869406,0.059425408470800016
pisde,const0.1,LV,43,interp,3,0.03628023738796904,0.058737624870202634
pisde,const0.1,LV,43,interp,4,0.0243413394907247,0.08208004222411834
pisde,const0.1,LV,43,interp,5,0.10277134274294891,0.14953426376690665
pisde,const0.1,LV,43,interp,6,0.1663883532221555,0.28518973715965823
pisde,const0.1,LV,43,interp,7,0.07071639712265476,0.19670376060187691
pisde,const0.1,LV,43,interp,8,0.19320744284120123,0.3907485174859905
pisde,const0.1,LV,44,forecast,-1,1.292152628531153,4.055459018509886
pisde,const0.1,LV,44,interp,0,0.19067616007597527,0.08982652633140567
pisde,const0.1,LV,44,interp,1,0.039528738656010254,0.06023594182275637
pisde,const0.1,LV,44,interp,2,0.03781340351504808,0.06199848419589109
pisde,const0.1,LV,44,interp,3,0.021626009919566702,0.05335443160569023
pisde,const0.1,LV,44,interp,4,0.03239038780602932,0.08320151737871775
pisde,const0.1,LV,44,interp,5,0.05073138812234779,0.11854366981239656
pisde,const0.1,LV,44,interp,6,0.10527248276785922,0.24065058353594643
pisde,const0.1,LV,44,interp,7,0.07361040599888868,0.21641695329737515
pisde,const0.1,LV,44,interp,8,0.20871232409175072,0.4044725985028504
pisde,const0.1,LV,5,forecast,-1,1.2404050040634236,4.168098185672076
pisde,const0.1,LV,5,interp,0,0.22457930537031912,0.10427802352691865
pisde,const0.1,LV,5,interp,1,0.04770245472160972,0.061759572221552914
pisde,const0.1,LV,5,interp,2,0.05747183995339844,0.07011401099853685
pisde,const0.1,LV,5,interp,3,0.059902599366298215,0.07557803113413272
pisde,const0.1,LV,5,interp,4,0.06356134023996057,0.10076670532834309
pisde,const0.1,LV,5,interp,5,0.0976030384358586,0.14094022604871306
pisde,const0.1,LV,5,interp,6,0.15329714697188812,0.2398513328466825
pisde,const0.1,LV,5,interp,7,0.10597707269649648,0.24541537999446977
pisde,const0.1,LV,5,interp,8,0.2075348717591245,0.4130013733805017
pisde,const0.1,PBMC,1,forecast,-1,0.027985790202537997,nan
pisde,const0.1,PBMC,1,interp,0,0.035389983964034255,nan
pisde,const0.1,PBMC,1,interp,1,0.019879076072155777,nan
pisde,const0.1,PBMC,1,interp,2,0.0139479837888965,nan
pisde,const0.1,PBMC,1,interp,3,0.02185466958343174,nan
pisde,const0.1,PBMC,1,interp,4,0.02883260324258541,nan
pisde,const0.1,PBMC,1,interp,5,0.04521698002906849,nan
pisde,const0.1,PBMC,1,interp,6,0.03656142731647849,nan
pisde,const0.1,PBMC,1,interp,7,0.020443250249957412,nan
pisde,const0.1,PBMC,1,interp,8,0.027157001484878318,nan
pisde,const0.1,PBMC,1,interp,9,0.023567519441393237,nan
pisde,const0.1,PBMC,1,interp,10,0.015464624578919506,nan
pisde,const0.1,PBMC,1,interp,11,0.014157238557154228,nan
pisde,const0.1,PBMC,1,interp,12,0.016144931094742132,nan
pisde,const0.1,PBMC,1,interp,13,0.02228827998713223,nan
pisde,const0.1,PBMC,1,interp,14,0.014436604158168054,nan
pisde,const0.1,PBMC,1,interp,15,0.03865669343612499,nan
pisde,const0.1,PBMC,1,interp,16,0.04216181846795153,nan
pisde,const0.1,PBMC,1,interp,17,0.028814203964940832,nan
pisde,const0.1,PBMC,1,interp,18,0.033995300664386274,nan
pisde,const0.1,PBMC,1,interp,19,0.02945561598296187,nan
pisde,const0.1,PBMC,2,forecast,-1,0.024152165732834185,nan
pisde,const0.1,PBMC,2,interp,0,0.03327138630420212,nan
pisde,const0.1,PBMC,2,interp,1,0.020402384291056008,nan
pisde,const0.1,PBMC,2,interp,2,0.013278268220173417,nan
pisde,const0.1,PBMC,2,interp,3,0.022404664999530977,nan
pisde,const0.1,PBMC,2,interp,4,0.02912115312588348,nan
pisde,const0.1,PBMC,2,interp,5,0.04450487221949884,nan
pisde,const0.1,PBMC,2,interp,6,0.034716499583796634,nan
pisde,const0.1,PBMC,2,interp,7,0.02120463585896948,nan
pisde,const0.1,PBMC,2,interp,8,0.028687756218428895,nan
pisde,const0.1,PBMC,2,interp,9,0.02472975426548718,nan
pisde,const0.1,PBMC,2,interp,10,0.015544343533511862,nan
pisde,const0.1,PBMC,2,interp,11,0.014037564523053825,nan
pisde,const0.1,PBMC,2,interp,12,0.015609869799311893,nan
pisde,const0.1,PBMC,2,interp,13,0.019381027035542675,nan
pisde,const0.1,PBMC,2,interp,14,0.011625559319244583,nan
pisde,const0.1,PBMC,2,interp,15,0.038715871695894744,nan
pisde,const0.1,PBMC,2,interp,16,0.040113198644770476,nan
pisde,const0.1,PBMC,2,interp,17,0.02888474465738644,nan
pisde,const0.1,PBMC,2,interp,18,0.032817218164163164,nan
pisde,const0.1,PBMC,2,interp,19,0.02703474818363727,nan
pisde,const0.1,PBMC,3,forecast,-1,0.03040255540955039,nan
pisde,const0.1,PBMC,3,interp,0,0.034077381429450604,nan
pisde,const0.1,PBMC,3,interp,1,0.016656236548799774,nan
pisde,const0.1,PBMC,3,interp,2,0.011473575462489283,nan
pisde,const0.1,PBMC,3,interp,3,0.01623294186209734,nan
pisde,const0.1,PBMC,3,interp,4,0.020515596545390258,nan
pisde,const0.1,PBMC,3,interp,5,0.03230894772024018,nan
pisde,const0.1,PBMC,3,interp,6,0.025326904530282746,nan
pisde,const0.1,PBMC,3,interp,7,0.013501017935608983,nan
pisde,const0.1,PBMC,3,interp,8,0.016310031578766315,nan
pisde,const0.1,PBMC,3,interp,9,0.013762596487490009,nan
pisde,const0.1,PBMC,3,interp,10,0.015670760308752918,nan
pisde,const0.1,PBMC,3,interp,11,0.013803153742435015,nan
pisde,const0.1,PBMC,3,interp,12,0.015341964315014778,nan
pisde,const0.1,PBMC,3,interp,13,0.017712493338893243,nan
pisde,const0.1,PBMC,3,interp,14,0.019056867935593802,nan
pisde,const0.1,PBMC,3,interp,15,0.02621102573223788,nan
pisde,const0.1,PBMC,3,interp,16,0.030378450405158408,nan
pisde,const0.1,PBMC,3,interp,17,0.02370987627283616,nan
pisde,const0.1,PBMC,3,interp,18,0.026515966765156773,nan
pisde,const0.1,PBMC,3,interp,19,0.03339676305230721,nan
pisde,const0.1,PBMC,4,forecast,-1,0.029423856752744615,nan
pisde,const0.1,PBMC,4,interp,0,0.034412358665647735,nan
pisde,const0.1,PBMC,4,interp,1,0.019859827555301024,nan
pisde,const0.1,PBMC,4,interp,2,0.01287938825982704,nan
pisde,const0.1,PBMC,4,interp,3,0.021502538975629926,nan
pisde,const0.1,PBMC,4,interp,4,0.028738616869076195,nan
pisde,const0.1,PBMC,4,interp,5,0.04361609208189965,nan
pisde,const0.1,PBMC,4,interp,6,0.03619395222389943,nan
pisde,const0.1,PBMC,4,interp,7,0.020034301617137595,nan
pisde,const0.1,PBMC,4,interp,8,0.025816531339431514,nan
pisde,const0.1,PBMC,4,interp,9,0.022186674912126336,nan
pisde,const0.1,PBMC,4,interp,10,0.014358341056414647,nan
pisde,const0.1,PBMC,4,interp,11,0.013743110321161045,nan
pisde,const0.1,PBMC,4,interp,12,0.016093021172007282,nan
pisde,const0.1,PBMC,4,interp,13,0.022217490908786997,nan
pisde,const0.1,PBMC,4,interp,14,0.013764232807953913,nan
pisde,const0.1,PBMC,4,interp,15,0.04022251219283779,nan
pisde,const0.1,PBMC,4,interp,16,0.044033120923182456,nan
pisde,const0.1,PBMC,4,interp,17,0.03052355435511822,nan
pisde,const0.1,PBMC,4,interp,18,0.03626284897045162,nan
pisde,const0.1,PBMC,4,interp,19,0.03018456861626173,nan
pisde,const0.1,PBMC,40,forecast,-1,0.07932823941961398,nan
pisde,const0.1,PBMC,40,interp,0,0.03480005986434909,nan
pisde,const0.1,PBMC,40,interp,1,0.017982272189996484,nan
pisde,const0.1,PBMC,40,interp,2,0.016448156572733574,nan
pisde,const0.1,PBMC,40,interp,3,0.018689569359587876,nan
pisde,const0.1,PBMC,40,interp,4,0.019437566379531424,nan
pisde,const0.1,PBMC,40,interp,5,0.029386186268844594,nan
pisde,const0.1,PBMC,40,interp,6,0.022858168440243354,nan
pisde,const0.1,PBMC,40,interp,7,0.013536774829400744,nan
pisde,const0.1,PBMC,40,interp,8,0.014921085626433905,nan
pisde,const0.1,PBMC,40,interp,9,0.014498212053922543,nan
pisde,const0.1,PBMC,40,interp,10,0.027245769456345492,nan
pisde,const0.1,PBMC,40,interp,11,0.026014408923124677,nan
pisde,const0.1,PBMC,40,interp,12,0.029842817752714357,nan
pisde,const0.1,PBMC,40,interp,13,0.030910051986037246,nan
pisde,const0.1,PBMC,40,interp,14,0.04450710240298095,nan
pisde,const0.1,PBMC,40,interp,15,0.02876102104588185,nan
pisde,const0.1,PBMC,40,interp,16,0.0355333637153008,nan
pisde,const0.1,PBMC,40,interp,17,0.04124036853262503,nan
pisde,const0.1,PBMC,40,interp,18,0.04439530983482043,nan
pisde,const0.1,PBMC,40,interp,19,0.07321928023247726,nan
pisde,const0.1,PBMC,41,forecast,-1,0.03050591205396147,nan
pisde,const0.1,PBMC,41,interp,0,0.03509767488423998,nan
pisde,const0.1,PBMC,41,interp,1,0.020998393814983807,nan
pisde,const0.1,PBMC,41,interp,2,0.014051132638205455,nan
pisde,const0.1,PBMC,41,interp,3,0.02244909780358273,nan
pisde,const0.1,PBMC,41,interp,4,0.02836160979572322,nan
pisde,const0.1,PBMC,41,interp,5,0.0441293235141299,nan
pisde,const0.1,PBMC,41,interp,6,0.036342865540895164,nan
pisde,const0.1,PBMC,41,interp,7,0.021063534678849027,nan
pisde,const0.1,PBMC,41,interp,8,0.026605813534667955,nan
pisde,const0.1,PBMC,41,interp,9,0.02462795015279129,nan
pisde,const0.1,PBMC,41,interp,10,0.015896826743781123,nan
pisde,const0.1,PBMC,41,interp,11,0.015889107474972408,nan
pisde,const0.1,PBMC,41,interp,12,0.017952047779213776,nan
pisde,const0.1,PBMC,41,interp,13,0.023919276022917546,nan
pisde,const0.1,PBMC,41,interp,14,0.015852587914526595,nan
pisde,const0.1,PBMC,41,interp,15,0.04229095515933046,nan
pisde,const0.1,PBMC,41,interp,16,0.045246938087220245,nan
pisde,const0.1,PBMC,41,interp,17,0.03175517545283113,nan
pisde,const0.1,PBMC,41,interp,18,0.03682989723776675,nan
pisde,const0.1,PBMC,41,interp,19,0.03211219400974119,nan
pisde,const0.1,PBMC,42,forecast,-1,0.027842179374710674,nan
pisde,const0.1,PBMC,42,interp,0,0.034801730210995974,nan
pisde,const0.1,PBMC,42,interp,1,0.01996805037262439,nan
pisde,const0.1,PBMC,42,interp,2,0.01196626989466898,nan
pisde,const0.1,PBMC,42,interp,3,0.021803699817985578,nan
pisde,const0.1,PBMC,42,interp,4,0.030187818608800376,nan
pisde,const0.1,PBMC,42,interp,5,0.04445430515543747,nan
pisde,const0.1,PBMC,42,interp,6,0.03783319930226825,nan
pisde,const0.1,PBMC,42,interp,7,0.021717741386107825,nan
pisde,const0.1,PBMC,42,interp,8,0.02734948339793908,nan
pisde,const0.1,PBMC,42,interp,9,0.02402284518516462,nan
pisde,const0.1,PBMC,42,interp,10,0.013704007285045061,nan
pisde,const0.1,PBMC,42,interp,11,0.01378237689896944,nan
pisde,const0.1,PBMC,42,interp,12,0.015991920928947856,nan
pisde,const0.1,PBMC,42,interp,13,0.022919627135499443,nan
pisde,const0.1,PBMC,42,interp,14,0.013068177823139293,nan
pisde,const0.1,PBMC,42,interp,15,0.04343265461259971,nan
pisde,const0.1,PBMC,42,interp,16,0.046459720127375426,nan
pisde,const0.1,PBMC,42,interp,17,0.03147829142425762,nan
pisde,const0.1,PBMC,42,interp,18,0.036676268179339,nan
pisde,const0.1,PBMC,42,interp,19,0.028096586290482062,nan
pisde,const0.1,PBMC,43,forecast,-1,0.03769384436672141,nan
pisde,const0.1,PBMC,43,interp,0,0.03593539521608069,nan
pisde,const0.1,PBMC,43,interp,1,0.02065906381834859,nan
pisde,const0.1,PBMC,43,interp,2,0.0133387584142447,nan
pisde,const0.1,PBMC,43,interp,3,0.022096946583605503,nan
pisde,const0.1,PBMC,43,interp,4,0.029073426170736716,nan
pisde,const0.1,PBMC,43,interp,5,0.045117264686350134,nan
pisde,const0.1,PBMC,43,interp,6,0.03672435217478642,nan
pisde,const0.1,PBMC,43,interp,7,0.021190643346512217,nan
pisde,const0.1,PBMC,43,interp,8,0.02763613917751695,nan
pisde,const0.1,PBMC,43,interp,9,0.025008924606910288,nan
pisde,const0.1,PBMC,43,interp,10,0.016303924724110352,nan
pisde,const0.1,PBMC,43,interp,11,0.0155328545644704,nan
pisde,const0.1,PBMC,43,interp,12,0.018912800974712596,nan
pisde,const0.1,PBMC,43,interp,13,0.02630609678515572,nan
pisde,const0.1,PBMC,43,interp,14,0.01815714123784773,nan
pisde,const0.1,PBMC,43,interp,15,0.04780693931382973,nan
pisde,const0.1,PBMC,43,interp,16,0.05351187610824237,nan
pisde,const0.1,PBMC,43,interp,17,0.039594996304174845,nan
pisde,const0.1,PBMC,43,interp,18,0.045333093295641946,nan
pisde,const0.1,PBMC,43,interp,19,0.04041702918932044,nan
pisde,const0.1,PBMC,44,forecast,-1,0.03354437609427796,nan
pisde,const0.1,PBMC,44,interp,0,0.035680515304537086,nan
pisde,const0.1,PBMC,44,interp,1,0.01862851953913125,nan
pisde,const0.1,PBMC,44,interp,2,0.012645474087355502,nan
pisde,const0.1,PBMC,44,interp,3,0.02004309445858976,nan
pisde,const0.1,PBMC,44,interp,4,0.025397527134108255,nan
pisde,const0.1,PBMC,44,interp,5,0.03924226214692039,nan
pisde,const0.1,PBMC,44,interp,6,0.031539673453983896,nan
pisde,const0.1,PBMC,44,interp,7,0.017068675641553566,nan
pisde,const0.1,PBMC,44,interp,8,0.022005731781680526,nan
pisde,const0.1,PBMC,44,interp,9,0.01812384538422307,nan
pisde,const0.1,PBMC,44,interp,10,0.015744110777661913,nan
pisde,const0.1,PBMC,44,interp,11,0.013736348613184957,nan
pisde,const0.1,PBMC,44,interp,12,0.016492919883866586,nan
pisde,const0.1,PBMC,44,interp,13,0.021300225707598486,nan
pisde,const0.1,PBMC,44,interp,14,0.016517578030507796,nan
pisde,const0.1,PBMC,44,interp,15,0.03423356641134245,nan
pisde,const0.1,PBMC,44,interp,16,0.039909317595796856,nan
pisde,const0.1,PBMC,44,interp,17,0.028772380635994632,nan
pisde,const0.1,PBMC,44,interp,18,0.03407917952676065,nan
pisde,const0.1,PBMC,44,interp,19,0.03338679815726098,nan
pisde,const0.1,PBMC,5,forecast,-1,0.03909301302380053,nan
pisde,const0.1,PBMC,5,interp,0,0.03411845885572162,nan
pisde,const0.1,PBMC,5,interp,1,0.020834001913700773,nan
pisde,const0.1,PBMC,5,interp,2,0.011714509822844943,nan
pisde,const0.1,PBMC,5,interp,3,0.02470277971437085,nan
pisde,const0.1,PBMC,5,interp,4,0.0344849608872595,nan
pisde,const0.1,PBMC,5,interp,5,0.053147098886661914,nan
pisde,const0.1,PBMC,5,interp,6,0.04477918557674054,nan
pisde,const0.1,PBMC,5,interp,7,0.02737000769524922,nan
pisde,const0.1,PBMC,5,interp,8,0.03592949415432445,nan
pisde,const0.1,PBMC,5,interp,9,0.031616488586765246,nan
pisde,const0.1,PBMC,5,interp,10,0.019832932870217257,nan
pisde,const0.1,PBMC,5,interp,11,0.02035960910945589,nan
pisde,const0.1,PBMC,5,interp,12,0.022809782191982153,nan
pisde,const0.1,PBMC,5,interp,13,0.03164654141296985,nan
pisde,const0.1,PBMC,5,interp,14,0.018682681641139287,nan
pisde,const0.1,PBMC,5,interp,15,0.05979246496289781,nan
pisde,const0.1,PBMC,5,interp,16,0.06430446465269912,nan
pisde,const0.1,PBMC,5,interp,17,0.04611732749653552,nan
pisde,const0.1,PBMC,5,interp,18,0.052663959875494326,nan
pisde,const0.1,PBMC,5,interp,19,0.04061842480757649,nan
pisde,const0.1,ReprParam,1,forecast,-1,1.394928321441843,4.889193215560055
pisde,const0.1,ReprParam,1,interp,0,0.6284705131192265,0.3852152654222139
pisde,const0.1,ReprParam,1,interp,1,0.6121441556953703,0.222103084802518
pisde,const0.1,ReprParam,1,interp,2,0.8372832730506352,0.3644393184340528
pisde,const0.1,ReprParam,1,interp,3,0.5944069043226038,0.45289995483169004
pisde,const0.1,ReprParam,1,interp,4,0.9079111186375599,0.7798197386845487
pisde,const0.1,ReprParam,1,interp,5,0.44542181603211656,0.4417180102852785
pisde,const0.1,ReprParam,1,interp,6,0.3825918731610541,0.5649414635863461
pisde,const0.1,ReprParam,1,interp,7,0.5471472423425573,0.4053739038309681
pisde,const0.1,ReprParam,1,interp,8,0.2335049357095363,0.47536721712308244
pisde,const0.1,ReprParam,2,forecast,-1,1.3785911766552092,5.354364517253225
pisde,const0.1,ReprParam,2,interp,0,0.661577016234399,0.43373765650870016
pisde,const0.1,ReprParam,2,interp,1,0.5569339801668987,0.20855849494799744
pisde,const0.1,ReprParam,2,interp,2,0.890880881335887,0.36310257033618865
pisde,const0.1,ReprParam,2,interp,3,1.0679821573442037,0.7037532844259252
pisde,const0.1,ReprParam,2,interp,4,1.0203028800621627,0.7285269684530987
pisde,const0.1,ReprParam,2,interp,5,0.28444166593870207,0.3558076506715424
pisde,const0.1,ReprParam,2,interp,6,0.3933986878223246,0.5993258180477353
pisde,const0.1,ReprParam,2,interp,7,0.35608454819966984,0.3120241989841162
pisde,const0.1,ReprParam,2,interp,8,0.20704922367258083,0.46221851064903596
pisde,const0.1,ReprParam,3,forecast,-1,1.362887854535803,5.071126572832452
pisde,const0.1,ReprParam,3,interp,0,0.6498222604852955,0.42674100479421717
pisde,const0.1,ReprParam,3,interp,1,0.6351751767228286,0.20956979641470702
pisde,const0.1,ReprParam,3,interp,2,0.9222059706250686,0.3718321645344511
pisde,const0.1,ReprParam,3,interp,3,0.9945784863178456,0.6397269067429895
pisde,const0.1,ReprParam,3,interp,4,0.8222149545809141,0.7116078603499572
pisde,const0.1,ReprParam,3,interp,5,0.3856186428899598,0.4335315952385367
pisde,const0.1,ReprParam,3,interp,6,0.3545753339579521,0.5454830743992194
pisde,const0.1,ReprParam,3,interp,7,0.24254598477652145,0.28470599944316693
pisde,const0.1,ReprParam,3,interp,8,0.21636815499684714,0.47051359091192285
pisde,const0.1,ReprParam,4,forecast,-1,1.3772390764424673,5.117627252032666
pisde,const0.1,ReprParam,4,interp,0,0.6134602983342857,0.44184667382973963
pisde,const0.1,ReprParam,4,interp,1,0.6365528770647327,0.24658755399895302
pisde,const0.1,ReprParam,4,interp,2,0.794747146184458,0.34315821873006497
pisde,const0.1,ReprParam,4,interp,3,0.9322101897167557,0.6386415858923788
pisde,const0.1,ReprParam,4,interp,4,1.0643081686609817,0.8357568790977069
pisde,const0.1,ReprParam,4,interp,5,0.39085198905709245,0.3935819102392977
pisde,const0.1,ReprParam,4,interp,6,0.426095013482011,0.6192946497439679
pisde,const0.1,ReprParam,4,interp,7,0.4625855197587565,0.3574392489038195
pisde,const0.1,ReprParam,4,interp,8,0.21302940265682913,0.45397597480722085
pisde,const0.1,ReprParam,40,forecast,-1,1.3605451568099087,5.064007991979868
pisde,const0.1,ReprParam,40,interp,0,0.6274212347126409,0.43194439826205144
pisde,const0.1,ReprParam,40,interp,1,0.6264223721180111,0.22785939569274904
pisde,const0.1,ReprParam,40,interp,2,0.8215849885251739,0.33058341142888303
pisde,const0.1,ReprParam,40,interp,3,0.9072978087026908,0.6672784969541383
pisde,const0.1,ReprParam,40,interp,4,0.9639803366628785,0.6265057589370231
pisde,const0.1,ReprParam,40,interp,5,0.41439721884144315,0.4367896628447943
pisde,const0.1,ReprParam,40,interp,6,0.3677972888386292,0.5757387983233767
pisde,const0.1,ReprParam,40,interp,7,0.570327800729326,0.39520821393961214
pisde,const0.1,ReprParam,40,interp,8,0.246003712433573,0.47133220383436675
pisde,const0.1,ReprParam,41,forecast,-1,1.3888902730434496,4.819572029866596
pisde,const0.1,ReprParam,41,interp,0,0.6681356013630728,0.4056252312519871
pisde,const0.1,ReprParam,41,interp,1,0.5863965637765823,0.20705721381034276
pisde,const0.1,ReprParam,41,interp,2,0.6834984068500254,0.30170254847559536
pisde,const0.1,ReprParam,41,interp,3,0.790173357263105,0.5626041024303382
pisde,const0.1,ReprParam,41,interp,4,0.9174803203960056,0.5896873878895249
pisde,const0.1,ReprParam,41,interp,5,0.36043141782020555,0.39004895713221005
pisde,const0.1,ReprParam,41,interp,6,0.40773838673703927,0.5987391823962154
pisde,const0.1,ReprParam,41,interp,7,0.4621135958903346,0.35606312789698447
pisde,const0.1,ReprParam,41,interp,8,0.1929401106000136,0.46421655017075997
pisde,const0.1,ReprParam,42,forecast,-1,1.3892728936006382,4.710040761487947
pisde,const0.1,ReprParam,42,interp,0,0.6242139398038122,0.4246003645450891
pisde,const0.1,ReprParam,42,interp,1,0.5624644098568946,0.22774284460763106
pisde,const0.1,ReprParam,42,interp,2,0.7197599228954642,0.2987848152749681
pisde,const0.1,ReprParam,42,interp,3,0.6818096258648185,0.4878921597410794
pisde,const0.1,ReprParam,42,interp,4,0.9513623344129816,0.7791196471472909
pisde,const0.1,ReprParam,42,interp,5,0.27459280357331156,0.3603941758776605
pisde,const0.1,ReprParam,42,interp,6,0.3535176559694068,0.5705852487708091
pisde,const0.1,ReprParam,42,interp,7,0.39255944913576024,0.3662689713725843
pisde,const0.1,ReprParam,42,interp,8,0.20057169520284757,0.4532566116512059
pisde,const0.1,ReprParam,43,forecast,-1,1.373421880454818,5.126800019146523
pisde,const0.1,ReprParam,43,interp,0,0.6291795126543598,0.45009920470529313
pisde,const0.1,ReprParam,43,interp,1,0.6905716666244267,0.25764102189552474
pisde,const0.1,ReprParam,43,interp,2,0.8784320663315084,0.34050101353019135
pisde,const0.1,ReprParam,43,interp,3,0.9497029277185648,0.644625891770252
pisde,const0.1,ReprParam,43,interp,4,1.0514425611416607,0.7252107898008443
pisde,const0.1,ReprParam,43,interp,5,0.4434310516682349,0.45585357705244856
pisde,const0.1,ReprParam,43,interp,6,0.3781945612815159,0.5148858862074538
pisde,const0.1,ReprParam,43,interp,7,0.36608928974880284,0.3145610861732684
pisde,const0.1,ReprParam,43,interp,8,0.29917783741396503,0.5607024928059142
pisde,const0.1,ReprParam,44,forecast,-1,1.371097670089679,4.854593903752689
pisde,const0.1,ReprParam,44,interp,0,0.6448516134388432,0.4316747084564603
pisde,const0.1,ReprParam,44,interp,1,0.44909395338656743,0.19082891398414367
pisde,const0.1,ReprParam,44,interp,2,0.8351868022950353,0.35144064917673407
pisde,const0.1,ReprParam,44,interp,3,1.0682258457050477,0.7088131064429539
pisde,const0.1,ReprParam,44,interp,4,0.9264493324534275,0.5744704519053458
pisde,const0.1,ReprParam,44,interp,5,0.33442670127438784,0.37561995084511
pisde,const0.1,ReprParam,44,interp,6,0.36365789583237634,0.5850599350908271
pisde,const0.1,ReprParam,44,interp,7,0.47036472183878264,0.3691747172940737
pisde,const0.1,ReprParam,44,interp,8,0.21742557547167196,0.4695835340247108
pisde,const0.1,ReprParam,5,forecast,-1,1.355041311779615,4.996087251540403
pisde,const0.1,ReprParam,5,interp,0,0.6352269958357002,0.42579142952155524
pisde,const0.1,ReprParam,5,interp,1,0.6670104394064258,0.23850358495446206
pisde,const0.1,ReprParam,5,interp,2,0.7345936369617438,0.3098230903340872
pisde,const0.1,ReprParam,5,interp,3,1.0776983825633206,0.7229638554708777
pisde,const0.1,ReprParam,5,interp,4,1.0216707668921998,0.729573574806736
pisde,const0.1,ReprParam,5,interp,5,0.5290105148861202,0.45722356146562365
pisde,const0.1,ReprParam,5,interp,6,0.3847087196385183,0.5314214538026256
pisde,const0.1,ReprParam,5,interp,7,0.23702875485677632,0.2980568990261205
pisde,const0.1,ReprParam,5,interp,8,0.32866025635257484,0.5839451304841932
pisde,const0.1,ReprProtein,1,forecast,-1,1.2918786261704645,3.825404603653097
pisde,const0.1,ReprProtein,1,interp,0,0.7882447045169025,2.549630711534471
pisde,const0.1,ReprProtein,1,interp,1,0.5963968617441716,0.27952505104621916
pisde,const0.1,ReprProtein,1,interp,2,0.11052018395163637,0.10484869231984949
pisde,const0.1,ReprProtein,1,interp,3,0.16364871616027055,0.1516024408341928
pisde,const0.1,ReprProtein,1,interp,4,0.1541309585551771,0.21440213774141367
pisde,const0.1,ReprProtein,1,interp,5,0.23984272107310223,0.29594599751009965
pisde,const0.1,ReprProtein,1,interp,6,0.29251035069748765,0.520245437123419
pisde,const0.1,ReprProtein,1,interp,7,0.20198931398367204,0.4978631590626086
pisde,const0.1,ReprProtein,1,interp,8,0.3569496869115547,0.40958721903497763
pisde,const0.1,ReprProtein,2,forecast,-1,1.2734438904700798,3.647182811219756
pisde,const0.1,ReprProtein,2,interp,0,0.8087472309226982,2.4310125658024346
pisde,const0.1,ReprProtein,2,interp,1,0.6136838914563308,0.2922922256691793
pisde,const0.1,ReprProtein,2,interp,2,0.49073203884154487,0.20189115808641253
pisde,const0.1,ReprProtein,2,interp,3,0.2070512802838298,0.17353980949451678
pisde,const0.1,ReprProtein,2,interp,4,0.09406519559414495,0.17493414120780437
pisde,const0.1,ReprProtein,2,interp,5,0.2531990722413142,0.30353243074233566
pisde,const0.1,ReprProtein,2,interp,6,0.26064231559126116,0.5188338211024556
pisde,const0.1,ReprProtein,2,interp,7,0.18354142567112164,0.4935159532124355
pisde,const0.1,ReprProtein,2,interp,8,0.3911630118206334,0.43505011449268843
pisde,const0.1,ReprProtein,3,forecast,-1,1.269815917042993,3.6849506900814535
pisde,const0.1,ReprProtein,3,interp,0,0.7932233695887517,2.5175820629372563
pisde,const0.1,ReprProtein,3,interp,1,0.5848031308929086,0.26786723361512776
pisde,const0.1,ReprProtein,3,interp,2,0.15713787499991583,0.12127328315431703
pisde,const0.1,ReprProtein,3,interp,3,0.14306843248083534,0.13718354633228846
pisde,const0.1,ReprProtein,3,interp,4,0.14332558465720535,0.20195747499873568
pisde,const0.1,ReprProtein,3,interp,5,0.26555650643126716,0.3164064249046966
pisde,const0.1,ReprProtein,3,interp,6,0.3027410134247914,0.5576168350833451
pisde,const0.1,ReprProtein,3,interp,7,0.2461092927385281,0.5443028750473262
pisde,const0.1,ReprProtein,3,interp,8,0.42761403393066355,0.4333955994613368
pisde,const0.1,ReprProtein,4,forecast,-1,1.2762817043240957,3.9176497288874836
pisde,const0.1,ReprProtein,4,interp,0,0.7877866940243474,2.423984485745534
pisde,const0.1,ReprProtein,4,interp,1,0.6034637297767121,0.2869852658463059
pisde,const0.1,ReprProtein,4,interp,2,0.1708065463269562,0.12581782731516122
pisde,const0.1,ReprProtein,4,interp,3,0.16920144124663683,0.15408174624975635
pisde,const0.1,ReprProtein,4,interp,4,0.09731494873945101,0.18040901422688765
pisde,const0.1,ReprProtein,4,interp,5,0.20858525657768823,0.2912270504822018
pisde,const0.1,ReprProtein,4,interp,6,0.24387005522161365,0.5096552996721451
pisde,const0.1,ReprProtein,4,interp,7,0.1272450457640053,0.44133561521028014
pisde,const0.1,ReprProtein,4,interp,8,0.2762338336566361,0.39492060462026357
pisde,const0.1,ReprProtein,40,forecast,-1,1.3056599929748443,3.9125737965574805
pisde,const0.1,ReprProtein,40,interp,0,0.7938779387321029,2.4638012992876406
pisde,const0.1,ReprProtein,40,interp,1,0.5811598919259966,0.2835683127392053
pisde,const0.1,ReprProtein,40,interp,2,0.16275308034445202,0.1150389716662345
pisde,const0.1,ReprProtein,40,interp,3,0.13921260635010757,0.14983494057029628
pisde,const0.1,ReprProtein,40,interp,4,0.14757801834172646,0.20892809251985267
pisde,const0.1,ReprProtein,40,interp,5,0.2651150256377284,0.31291374350002354
pisde,const0.1,ReprProtein,40,interp,6,0.28375887976013114,0.5281801618719084
pisde,const0.1,ReprProtein,40,interp,7,0.1655728439345593,0.46814173014706895
pisde,const0.1,ReprProtein,40,interp,8,0.3135350168695018,0.3822346189034592
pisde,const0.1,ReprProtein,41,forecast,-1,1.2546595090857453,3.677663169968712
pisde,const0.1,ReprProtein,41,interp,0,0.7754455003827194,2.571298346240151
pisde,const0.1,ReprProtein,41,interp,1,0.5618101379466387,0.260447454650177
pisde,const0.1,ReprProtein,41,interp,2,0.18739255013943146,0.13457567520391972
pisde,const0.1,ReprProtein,41,interp,3,0.1749327949781282,0.1537486537344904
pisde,const0.1,ReprProtein,41,interp,4,0.1928776609040268,0.22672108906446745
pisde,const0.1,ReprProtein,41,interp,5,0.3506060354923016,0.34277358874465635
pisde,const0.1,ReprProtein,41,interp,6,0.23483579920416553,0.4910709721548541
pisde,const0.1,ReprProtein,41,interp,7,0.238996576644263,0.5239211810727665
pisde,const0.1,ReprProtein,41,interp,8,0.5301231348881722,0.5200341864849696
pisde,const0.1,ReprProtein,42,forecast,-1,1.3000054228167377,3.837683572165693
pisde,const0.1,ReprProtein,42,interp,0,0.8019289124482685,2.4136490188614728
pisde,const0.1,ReprProtein,42,interp,1,0.6468783709876711,0.293199885138791
pisde,const0.1,ReprProtein,42,interp,2,0.07797339921851654,0.08960917572879097
pisde,const0.1,ReprProtein,42,interp,3,0.1434253007803611,0.1410889920489944
pisde,const0.1,ReprProtein,42,interp,4,0.1522097217900935,0.21043621060054415
pisde,const0.1,ReprProtein,42,interp,5,0.2876589078185112,0.32583017035244216
pisde,const0.1,ReprProtein,42,interp,6,0.2483203803544698,0.5009115759156649
pisde,const0.1,ReprProtein,42,interp,7,0.20287809537312484,0.49936706849570084
pisde,const0.1,ReprProtein,42,interp,8,0.4498045479154439,0.4449146062273558
pisde,const0.1,ReprProtein,43,forecast,-1,1.253863133670809,3.669124078000506
pisde,const0.1,ReprProtein,43,interp,0,0.7698106278332478,2.50795878003973
pisde,const0.1,ReprProtein,43,interp,1,0.6758791530487028,0.27020423192823695
pisde,const0.1,ReprProtein,43,interp,2,0.22922236632644333,0.14359976290176588
pisde,const0.1,ReprProtein,43,interp,3,0.18825305761808164,0.15684412471351789
pisde,const0.1,ReprProtein,43,interp,4,0.12147725044410884,0.19293315734771904
pisde,const0.1,ReprProtein,43,interp,5,0.22978588510493458,0.3026674435446024
pisde,const0.1,ReprProtein,43,interp,6,0.29405273012778665,0.5317472308103713
pisde,const0.1,ReprProtein,43,interp,7,0.1575947874296334,0.46418963177616823
pisde,const0.1,ReprProtein,43,interp,8,0.33928308191584977,0.4342997070467697
pisde,const0.1,ReprProtein,44,forecast,-1,1.2787157911160287,3.823345011607615
pisde,const0.1,ReprProtein,44,interp,0,0.7994977668690004,2.4703181341279357
pisde,const0.1,ReprProtein,44,interp,1,0.6355584361091347,0.2950802634112975
pisde,const0.1,ReprProtein,44,interp,2,0.24527948159830248,0.14214986352301393
pisde,const0.1,ReprProtein,44,interp,3,0.1514650700956619,0.1490433851525197
pisde,const0.1,ReprProtein,44,interp,4,0.11517555721341044,0.1849396677405739
pisde,const0.1,ReprProtein,44,interp,5,0.28694227631253555,0.3167646544140661
pisde,const0.1,ReprProtein,44,interp,6,0.23693543970274966,0.4970191684592794
pisde,const0.1,ReprProtein,44,interp,7,0.1981396433656888,0.4953099459365651
pisde,const0.1,ReprProtein,44,interp,8,0.3519464109113829,0.4135428736923038
pisde,const0.1,ReprProtein,5,forecast,-1,1.2050059237971196,3.4755812037095657
pisde,const0.1,ReprProtein,5,interp,0,0.7849872294059173,2.7385820617392556
pisde,const0.1,ReprProtein,5,interp,1,0.6764396145176343,0.28621264450054595
pisde,const0.1,ReprProtein,5,interp,2,0.22490852716995657,0.142917348941296
pisde,const0.1,ReprProtein,5,interp,3,0.14846224895069848,0.1526350071023619
pisde,const0.1,ReprProtein,5,interp,4,0.13568450157949752,0.20142820084715804
pisde,const0.1,ReprProtein,5,interp,5,0.24167514874283724,0.3087237737193571
pisde,const0.1,ReprProtein,5,interp,6,0.2562924669279767,0.5107457494888547
pisde,const0.1,ReprProtein,5,interp,7,0.22399916526807195,0.5260149356923889
pisde,const0.1,ReprProtein,5,interp,8,0.4997405050401742,0.5095635450282924
pisde,mlp,GoM,1,forecast,-1,0.5503767921659223,0.39041609849191167
pisde,mlp,GoM,1,interp,0,0.12383341180268148,0.03203681306483451
pisde,mlp,GoM,1,interp,1,0.14405931538880606,0.03449931402257294
pisde,mlp,GoM,1,interp,2,0.377386744839663,0.058050010789049214
pisde,mlp,GoM,1,interp,3,0.43288046448549,0.08375600805246511
pisde,mlp,GoM,1,interp,4,0.4796572752010625,0.07547308863386624
pisde,mlp,GoM,1,interp,5,0.36764097922957584,0.07720176862504965
pisde,mlp,GoM,1,interp,6,0.1491856719781035,0.05707262480194526
pisde,mlp,GoM,1,interp,7,0.10658050104197642,0.06023330900570508
pisde,mlp,GoM,1,interp,8,0.11440785605521891,0.10206071231366746
pisde,mlp,GoM,2,forecast,-1,0.5720517994616708,0.4086526815990136
pisde,mlp,GoM,2,interp,0,0.15270286109383607,0.032741597073888344
pisde,mlp,GoM,2,interp,1,0.2169819286485713,0.04094421961806455
pisde,mlp,GoM,2,interp,2,0.5188046412982446,0.06651945428304802
pisde,mlp,GoM,2,interp,3,0.355525399783282,0.0772231531266928
pisde,mlp,GoM,2,interp,4,0.3411198329842222,0.06386082445412276
pisde,mlp,GoM,2,interp,5,0.5477577546687877,0.09216636320733244
pisde,mlp,GoM,2,interp,6,0.16657015492674676,0.06276203144122366
pisde,mlp,GoM,2,interp,7,0.08636219398916911,0.06754824731891623
pisde,mlp,GoM,2,interp,8,0.10785308374049657,0.11588089580893646
pisde,mlp,GoM,3,forecast,-1,0.5980922569631852,0.36990275040134074
pisde,mlp,GoM,3,interp,0,0.09218186817840002,0.025156293565755498
pisde,mlp,GoM,3,interp,1,0.23399244711621542,0.04078629034448077
pisde,mlp,GoM,3,interp,2,0.45936277363798045,0.0645935416996263
pisde,mlp,GoM,3,interp,3,0.35602569070111767,0.08119874071725737
pisde,mlp,GoM,3,interp,4,0.32693585690887506,0.06237680645901131
pisde,mlp,GoM,3,interp,5,0.3765386221844802,0.07729006571486381
pisde,mlp,GoM,3,interp,6,0.09345345878612454,0.04911427695666691
pisde,mlp,GoM,3,interp,7,0.05443510152479292,0.06372212188287027
pisde,mlp,GoM,3,interp,8,0.07179789512147994,0.10286440170310393
pisde,mlp,GoM,4,forecast,-1,0.5810843773306302,0.3655850116619169
pisde,mlp,GoM,4,interp,0,0.08767945850037984,0.024373095227682322
pisde,mlp,GoM,4,interp,1,0.2148965539166679,0.04022863489669217
pisde,mlp,GoM,4,interp,2,0.49416625466961467,0.0660161451935624
pisde,mlp,GoM,4,interp,3,0.37452996992584264,0.08208805305757823
pisde,mlp,GoM,4,interp,4,0.3810395793040049,0.06828852355845337
pisde,mlp,GoM,4,interp,5,0.408146658001332,0.08269833340856031
pisde,mlp,GoM,4,interp,6,0.07369453914817126,0.04333847826265712
pisde,mlp,GoM,4,interp,7,0.08876611422467695,0.07661728843502702
pisde,mlp,GoM,4,interp,8,0.06943081568078574,0.10381309389556463
pisde,mlp,GoM,40,forecast,-1,0.5220856696116773,0.3868257454447782
pisde,mlp,GoM,40,interp,0,0.07337280037687799,0.02239618526213338
pisde,mlp,GoM,40,interp,1,0.22731195786011,0.042485532178498674
pisde,mlp,GoM,40,interp,2,0.5120324142875012,0.06630269905137537
pisde,mlp,GoM,40,interp,3,0.45235511582061405,0.08512890281367318
pisde,mlp,GoM,40,interp,4,0.3633176315348199,0.06753732987480993
pisde,mlp,GoM,40,interp,5,0.43603035371723464,0.08565952292520779
pisde,mlp,GoM,40,interp,6,0.10490097606529447,0.05627732214132792
pisde,mlp,GoM,40,interp,7,0.05284522263526181,0.0559763943943307
pisde,mlp,GoM,40,interp,8,0.05276645180368089,0.09309703714877701
pisde,mlp,GoM,41,forecast,-1,0.5785463048405137,0.3912142022861088
pisde,mlp,GoM,41,interp,0,0.06776075196819792,0.021025400568812896
pisde,mlp,GoM,41,interp,1,0.2279261001789042,0.042307108562667464
pisde,mlp,GoM,41,interp,2,0.4757512546790748,0.06450738036425988
pisde,mlp,GoM,41,interp,3,0.37278080965605565,0.08066931256726198
pisde,mlp,GoM,41,interp,4,0.365661349980423,0.06630472634831064
pisde,mlp,GoM,41,interp,5,0.4743744970154189,0.0862600780725118
pisde,mlp,GoM,41,interp,6,0.14076664902615577,0.05576848167877303
pisde,mlp,GoM,41,interp,7,0.09085575101642973,0.06924844992543512
pisde,mlp,GoM,41,interp,8,0.09090552659893741,0.10645475664988763
pisde,mlp,GoM,42,forecast,-1,0.6359310021873735,0.3997647425237213
pisde,mlp,GoM,42,interp,0,0.18606181864232013,0.04070457866590626
pisde,mlp,GoM,42,interp,1,0.17229302626404158,0.04052217586071316
pisde,mlp,GoM,42,interp,2,0.4623420063145323,0.06441384567457281
pisde,mlp,GoM,42,interp,3,0.41442471160997496,0.08015321548705012
pisde,mlp,GoM,42,interp,4,0.33451817907281556,0.06223203627219187
pisde,mlp,GoM,42,interp,5,0.5126941054386382,0.08794027297813668
pisde,mlp,GoM,42,interp,6,0.10065615456892285,0.055986663875984596
pisde,mlp,GoM,42,interp,7,0.052305648730962995,0.05633142850095313
pisde,mlp,GoM,42,interp,8,0.09395593705572314,0.10875104523760329
pisde,mlp,GoM,43,forecast,-1,0.6027535052291945,0.37635177334793835
pisde,mlp,GoM,43,interp,0,0.08245716130498476,0.02360249396673276
pisde,mlp,GoM,43,interp,1,0.24434422244385184,0.04513690283121827
pisde,mlp,GoM,43,interp,2,0.4166481146145086,0.06241305611657447
pisde,mlp,GoM,43,interp,3,0.3575826425588471,0.08050364776995761
pisde,mlp,GoM,43,interp,4,0.42759966159138196,0.07020556539828673
pisde,mlp,GoM,43,interp,5,0.403551643117365,0.08287559812153499
pisde,mlp,GoM,43,interp,6,0.09554598373802559,0.05008682304227077
pisde,mlp,GoM,43,interp,7,0.05672623510027186,0.07456704832589463
pisde,mlp,GoM,43,interp,8,0.053624487012963185,0.11624534890275606
pisde,mlp,GoM,44,forecast,-1,0.5744117825107562,0.38855180655816357
pisde,mlp,GoM,44,interp,0,0.12177701841495703,0.029038122230990768
pisde,mlp,GoM,44,interp,1,0.21487138461059624,0.04028727128197422
pisde,mlp,GoM,44,interp,2,0.48865829172969705,0.06546872917980874
pisde,mlp,GoM,44,interp,3,0.3468654869255978,0.07770182491314441
pisde,mlp,GoM,44,interp,4,0.35897847160120844,0.06557982222959113
pisde,mlp,GoM,44,interp,5,0.5324583422572853,0.08757220178289864
pisde,mlp,GoM,44,interp,6,0.0964630838527335,0.04783770206481706
pisde,mlp,GoM,44,interp,7,0.08607137058527758,0.06170976183518545
pisde,mlp,GoM,44,interp,8,0.11143193180180094,0.10385640638288357
pisde,mlp,GoM,5,forecast,-1,0.5407966813334473,0.39553907561996887
pisde,mlp,GoM,5,interp,0,0.12081608854951198,0.030152648967287827
pisde,mlp,GoM,5,interp,1,0.2182246878358159,0.04077696794610342
pisde,mlp,GoM,5,interp,2,0.4577568587346876,0.06290822057857069
pisde,mlp,GoM,5,interp,3,0.4526982386339632,0.0828114927174563
pisde,mlp,GoM,5,interp,4,0.3762007718952357,0.06864811768468533
pisde,mlp,GoM,5,interp,5,0.4955515688449434,0.08964653581164506
pisde,mlp,GoM,5,interp,6,0.14894843277960312,0.06178007767478984
pisde,mlp,GoM,5,interp,7,0.05822399174092041,0.057336754640342914
pisde,mlp,GoM,5,interp,8,0.08456305590618363,0.10253685827178426
pisde,mlp,LV,1,forecast,-1,0.8850884665482865,3.982057693276719
pisde,mlp,LV,1,interp,0,0.3285067850073531,0.08748283869569858
pisde,mlp,LV,1,interp,1,0.23702740823163893,0.09819646291766723
pisde,mlp,LV,1,interp,2,0.30187290676194234,0.11451798805194338
pisde,mlp,LV,1,interp,3,0.256658699786803,0.11600723236251581
pisde,mlp,LV,1,interp,4,0.2921762500725392,0.17163416617215985
pisde,mlp,LV,1,interp,5,0.2813208485356826,0.22005696659088358
pisde,mlp,LV,1,interp,6,0.2223712844993404,0.26875852303028835
pisde,mlp,LV,1,interp,7,0.036169587032200745,0.15820827682762073
pisde,mlp,LV,1,interp,8,0.11413513855145985,0.38303554115744864
pisde,mlp,LV,2,forecast,-1,0.9403162319729277,3.90193238632758
pisde,mlp,LV,2,interp,0,0.37347905451027097,0.09352943632251039
pisde,mlp,LV,2,interp,1,0.23106073860245502,0.09528242183174496
pisde,mlp,LV,2,interp,2,0.24090429604165886,0.1058697633715089
pisde,mlp,LV,2,interp,3,0.27199407260490605,0.11583418303061872
pisde,mlp,LV,2,interp,4,0.3116605930549319,0.17333051185474013
pisde,mlp,LV,2,interp,5,0.3278853832010036,0.24116564797441903
pisde,mlp,LV,2,interp,6,0.18767286768016367,0.23954794619402245
pisde,mlp,LV,2,interp,7,0.04361305909159663,0.19801446956349192
pisde,mlp,LV,2,interp,8,0.17503370039850713,0.47939932542419206
pisde,mlp,LV,3,forecast,-1,0.9329644325709423,3.8415061239907096
pisde,mlp,LV,3,interp,0,0.385686354663346,0.09562088878009124
pisde,mlp,LV,3,interp,1,0.23944344992647493,0.09765365494381982
pisde,mlp,LV,3,interp,2,0.25021301024067444,0.1079319078760381
pisde,mlp,LV,3,interp,3,0.2501854330205624,0.11484830637630934
pisde,mlp,LV,3,interp,4,0.3159812381412138,0.1741766954063058
pisde,mlp,LV,3,interp,5,0.28981963964946966,0.2256770819624983
pisde,mlp,LV,3,interp,6,0.16033443201873954,0.23127468758426267
pisde,mlp,LV,3,interp,7,0.04726803826087189,0.1858430251183024
pisde,mlp,LV,3,interp,8,0.14273659567673236,0.46152411197236015
pisde,mlp,LV,4,forecast,-1,0.9378802521758263,3.894606894958572
pisde,mlp,LV,4,interp,0,0.49490533624351085,0.11254979983836016
pisde,mlp,LV,4,interp,1,0.2572077832580951,0.09680737011930532
pisde,mlp,LV,4,interp,2,0.26213827933634104,0.10589727159661097
pisde,mlp,LV,4,interp,3,0.2559716647466165,0.11151137633883665
pisde,mlp,LV,4,interp,4,0.2927011753387385,0.16672331795927717
pisde,mlp,LV,4,interp,5,0.32916696106524723,0.23917684788563778
pisde,mlp,LV,4,interp,6,0.1360566316670736,0.21594342808966394
pisde,mlp,LV,4,interp,7,0.02781405579292029,0.19333719385881398
pisde,mlp,LV,4,interp,8,0.14134317316854855,0.4941793357200365
pisde,mlp,LV,40,forecast,-1,0.9194395669914266,4.016422321987626
pisde,mlp,LV,40,interp,0,0.49243914771797725,0.11185326682006479
pisde,mlp,LV,40,interp,1,0.25269554339073275,0.0988250844572287
pisde,mlp,LV,40,interp,2,0.2545123662394685,0.10733232676374865
pisde,mlp,LV,40,interp,3,0.2650625626585793,0.11474024329442895
pisde,mlp,LV,40,interp,4,0.3039003200534005,0.17179975457741664
pisde,mlp,LV,40,interp,5,0.3035984283338572,0.23095646797729893
pisde,mlp,LV,40,interp,6,0.19320043375890872,0.2483067113657626
pisde,mlp,LV,40,interp,7,0.03440142182043038,0.17219829518297675
pisde,mlp,LV,40,interp,8,0.1326588082010327,0.40554682577723866
pisde,mlp,LV,41,forecast,-1,0.9180806616777895,3.9239250089581987
pisde,mlp,LV,41,interp,0,0.45855648070385713,0.10703153908544283
pisde,mlp,LV,41,interp,1,0.2417364810663163,0.09556050870909362
pisde,mlp,LV,41,interp,2,0.24035862366749927,0.10368945913333702
pisde,mlp,LV,41,interp,3,0.23732351844659194,0.11094871853764024
pisde,mlp,LV,41,interp,4,0.2882437965100386,0.16929967249542366
pisde,mlp,LV,41,interp,5,0.2933911852095542,0.22997219457014983
pisde,mlp,LV,41,interp,6,0.16237542549983408,0.24909752359248047
pisde,mlp,LV,41,interp,7,0.04014478102487218,0.18621090851934255
pisde,mlp,LV,41,interp,8,0.11432878077178521,0.4144691471419829
pisde,mlp,LV,42,forecast,-1,0.9505523384788498,3.759819769978229
pisde,mlp,LV,42,interp,0,0.45439196050553043,0.106607335062259
pisde,mlp,LV,42,interp,1,0.23846594954977918,0.09666464509879003
pisde,mlp,LV,42,interp,2,0.25038712554444753,0.10713919950055763
pisde,mlp,LV,42,interp,3,0.25500282028805576,0.11325512309782727
pisde,mlp,LV,42,interp,4,0.2961208913568646,0.17064250750102095
pisde,mlp,LV,42,interp,5,0.3171786883192773,0.23794338132972795
pisde,mlp,LV,42,interp,6,0.1658024991026371,0.23925076433345702
pisde,mlp,LV,42,interp,7,0.047001120747591885,0.18995368079148975
pisde,mlp,LV,42,interp,8,0.1494061373392674,0.4282040301158588
pisde,mlp,LV,43,forecast,-1,0.9616250200777641,3.947400483574334
pisde,mlp,LV,43,interp,0,0.3337646326776116,0.08879385985882898
pisde,mlp,LV,43,interp,1,0.2243045289683787,0.09406075249345665
pisde,mlp,LV,43,interp,2,0.259100961022238,0.10676342745139734
pisde,mlp,LV,43,interp,3,0.24076843413267635,0.11122405809200618
pisde,mlp,LV,43,interp,4,0.2697891534733431,0.167506096972504
pisde,mlp,LV,43,interp,5,0.2811033592143717,0.22400553381139218
pisde,mlp,LV,43,interp,6,0.26370295980098124,0.28446824591052666
pisde,mlp,LV,43,interp,7,0.055686185052734816,0.18442218963194845
pisde,mlp,LV,43,interp,8,0.17936017963693346,0.43536073992379
pisde,mlp,LV,44,forecast,-1,0.9716842831260017,3.953009267276423
pisde,mlp,LV,44,interp,0,0.3674991217430311,0.09308496499202712
pisde,mlp,LV,44,interp,1,0.22641822552651647,0.09475456049467118
pisde,mlp,LV,44,interp,2,0.2513064545308309,0.10596303936766154
pisde,mlp,LV,44,interp,3,0.2429942573761289,0.11279932152437151
pisde,mlp,LV,44,interp,4,0.27582995612038486,0.16950717806234747
pisde,mlp,LV,44,interp,5,0.2827103445876473,0.2215037194771999
pisde,mlp,LV,44,interp,6,0.19598717320073245,0.27500080641571634
pisde,mlp,LV,44,interp,7,0.03703598187198276,0.15686061360744674
pisde,mlp,LV,44,interp,8,0.10979755103793903,0.33387233719928033
pisde,mlp,LV,5,forecast,-1,0.9345537841129329,3.9426070105869324
pisde,mlp,LV,5,interp,0,0.26784113825012934,0.07851943203601428
pisde,mlp,LV,5,interp,1,0.25313626470848427,0.09928268255274972
pisde,mlp,LV,5,interp,2,0.2531513473761692,0.10883658683479087
pisde,mlp,LV,5,interp,3,0.3176811256996539,0.12172643157711041
pisde,mlp,LV,5,interp,4,0.381571652809913,0.18236069727057086
pisde,mlp,LV,5,interp,5,0.2947854255345679,0.22900340535790065
pisde,mlp,LV,5,interp,6,0.20020584323008495,0.24540249010452939
pisde,mlp,LV,5,interp,7,0.040799949579594985,0.17874382055858318
pisde,mlp,LV,5,interp,8,0.12671950086561296,0.4056898114868555
pisde,mlp,PBMC,1,forecast,-1,0.015479760547055355,nan
pisde,mlp,PBMC,1,interp,0,0.030655593121457714,nan
pisde,mlp,PBMC,1,interp,1,0.017167966999678486,nan
pisde,mlp,PBMC,1,interp,2,0.008808483676290835,nan
pisde,mlp,PBMC,1,interp,3,0.0199994886017969,nan
pisde,mlp,PBMC,1,interp,4,0.028345467642342026,nan
pisde,mlp,PBMC,1,interp,5,0.04491797162396649,nan
pisde,mlp,PBMC,1,interp,6,0.0387121414380559,nan
pisde,mlp,PBMC,1,interp,7,0.022243626596277544,nan
pisde,mlp,PBMC,1,interp,8,0.02847861323478651,nan
pisde,mlp,PBMC,1,interp,9,0.02510000842320892,nan
pisde,mlp,PBMC,1,interp,10,0.01195855693318526,nan
pisde,mlp,PBMC,1,interp,11,0.012284395894174627,nan
pisde,mlp,PBMC,1,interp,12,0.013819343673326268,nan
pisde,mlp,PBMC,1,interp,13,0.0218144939392374,nan
pisde,mlp,PBMC,1,interp,14,0.009531149072871448,nan
pisde,mlp,PBMC,1,interp,15,0.03692349573944298,nan
pisde,mlp,PBMC,1,interp,16,0.03800024360429599,nan
pisde,mlp,PBMC,1,interp,17,0.022153672268835023,nan
pisde,mlp,PBMC,1,interp,18,0.028283375230982122,nan
pisde,mlp,PBMC,1,interp,19,0.013805724651785867,nan
pisde,mlp,PBMC,2,forecast,-1,0.017132043172149336,nan
pisde,mlp,PBMC,2,interp,0,0.031577934769904226,nan
pisde,mlp,PBMC,2,interp,1,0.018030024256917354,nan
pisde,mlp,PBMC,2,interp,2,0.009673523717244392,nan
pisde,mlp,PBMC,2,interp,3,0.021831556247853712,nan
pisde,mlp,PBMC,2,interp,4,0.029935537723664862,nan
pisde,mlp,PBMC,2,interp,5,0.04788649677883483,nan
pisde,mlp,PBMC,2,interp,6,0.040207062049530284,nan
pisde,mlp,PBMC,2,interp,7,0.02270956360249554,nan
pisde,mlp,PBMC,2,interp,8,0.03014347101431447,nan
pisde,mlp,PBMC,2,interp,9,0.025970100175657818,nan
pisde,mlp,PBMC,2,interp,10,0.013583165040383371,nan
pisde,mlp,PBMC,2,interp,11,0.01308817272569418,nan
pisde,mlp,PBMC,2,interp,12,0.015580779209674267,nan
pisde,mlp,PBMC,2,interp,13,0.023405736755372275,nan
pisde,mlp,PBMC,2,interp,14,0.00934404721899107,nan
pisde,mlp,PBMC,2,interp,15,0.03970876100287446,nan
pisde,mlp,PBMC,2,interp,16,0.04082792401919311,nan
pisde,mlp,PBMC,2,interp,17,0.02464840779581634,nan
pisde,mlp,PBMC,2,interp,18,0.030760159222878225,nan
pisde,mlp,PBMC,2,interp,19,0.015372358125036456,nan
pisde,mlp,PBMC,3,forecast,-1,0.015188574881860317,nan
pisde,mlp,PBMC,3,interp,0,0.03082961748731372,nan
pisde,mlp,PBMC,3,interp,1,0.01622010929947093,nan
pisde,mlp,PBMC,3,interp,2,0.00878611645228955,nan
pisde,mlp,PBMC,3,interp,3,0.019307333730305576,nan
pisde,mlp,PBMC,3,interp,4,0.026416573015598854,nan
pisde,mlp,PBMC,3,interp,5,0.04251423556072709,nan
pisde,mlp,PBMC,3,interp,6,0.036260391152667215,nan
pisde,mlp,PBMC,3,interp,7,0.02018212466915803,nan
pisde,mlp,PBMC,3,interp,8,0.02659108452181047,nan
pisde,mlp,PBMC,3,interp,9,0.022686600643978205,nan
pisde,mlp,PBMC,3,interp,10,0.01170960073752203,nan
pisde,mlp,PBMC,3,interp,11,0.011633278349227338,nan
pisde,mlp,PBMC,3,interp,12,0.012568477509541598,nan
pisde,mlp,PBMC,3,interp,13,0.020232582197368787,nan
pisde,mlp,PBMC,3,interp,14,0.008238486808355927,nan
pisde,mlp,PBMC,3,interp,15,0.03398429078727094,nan
pisde,mlp,PBMC,3,interp,16,0.03468447586271817,nan
pisde,mlp,PBMC,3,interp,17,0.01989789075125048,nan
pisde,mlp,PBMC,3,interp,18,0.026228795942185523,nan
pisde,mlp,PBMC,3,interp,19,0.013739182947383966,nan
pisde,mlp,PBMC,4,forecast,-1,0.014481248545914482,nan
pisde,mlp,PBMC,4,interp,0,0.03065367049377432,nan
pisde,mlp,PBMC,4,interp,1,0.017427280450214355,nan
pisde,mlp,PBMC,4,interp,2,0.008120344311148942,nan
pisde,mlp,PBMC,4,interp,3,0.01906055885725222,nan
pisde,mlp,PBMC,4,interp,4,0.028144966287442896,nan
pisde,mlp,PBMC,4,interp,5,0.04552842898990861,nan
pisde,mlp,PBMC,4,interp,6,0.038907930828525505,nan
pisde,mlp,PBMC,4,interp,7,0.02203134231036552,nan
pisde,mlp,PBMC,4,interp,8,0.029429143547275438,nan
pisde,mlp,PBMC,4,interp,9,0.025869729822903698,nan
pisde,mlp,PBMC,4,interp,10,0.01093961362409901,nan
pisde,mlp,PBMC,4,interp,11,0.01102780671105097,nan
pisde,mlp,PBMC,4,interp,12,0.012544303603469809,nan
pisde,mlp,PBMC,4,interp,13,0.019902781439394723,nan
pisde,mlp,PBMC,4,interp,14,0.00724531663646244,nan
pisde,mlp,PBMC,4,interp,15,0.037676267319962764,nan
pisde,mlp,PBMC,4,interp,16,0.03816760601776403,nan
pisde,mlp,PBMC,4,interp,17,0.022390005370368282,nan
pisde,mlp,PBMC,4,interp,18,0.027672758613595305,nan
pisde,mlp,PBMC,4,interp,19,0.014403535769954456,nan
pisde,mlp,PBMC,40,forecast,-1,0.014878358894481525,nan
pisde,mlp,PBMC,40,interp,0,0.032405134013867576,nan
pisde,mlp,PBMC,40,interp,1,0.016038183969220965,nan
pisde,mlp,PBMC,40,interp,2,0.008413827432221188,nan
pisde,mlp,PBMC,40,interp,3,0.019107973158212666,nan
pisde,mlp,PBMC,40,interp,4,0.027368097576406902,nan
pisde,mlp,PBMC,40,interp,5,0.04361769069301369,nan
pisde,mlp,PBMC,40,interp,6,0.03693573201039746,nan
pisde,mlp,PBMC,40,interp,7,0.020322470388912328,nan
pisde,mlp,PBMC,40,interp,8,0.02688012527608319,nan
pisde,mlp,PBMC,40,interp,9,0.023235318264707705,nan
pisde,mlp,PBMC,40,interp,10,0.010931994485993468,nan
pisde,mlp,PBMC,40,interp,11,0.010642354118655106,nan
pisde,mlp,PBMC,40,interp,12,0.011979680101067092,nan
pisde,mlp,PBMC,40,interp,13,0.01952408782256565,nan
pisde,mlp,PBMC,40,interp,14,0.007959536594878025,nan
pisde,mlp,PBMC,40,interp,15,0.03455513393499632,nan
pisde,mlp,PBMC,40,interp,16,0.03568299911694128,nan
pisde,mlp,PBMC,40,interp,17,0.02006060022692957,nan
pisde,mlp,PBMC,40,interp,18,0.02620940123625648,nan
pisde,mlp,PBMC,40,interp,19,0.013167327387960226,nan
pisde,mlp,PBMC,41,forecast,-1,0.016978958096632746,nan
pisde,mlp,PBMC,41,interp,0,0.03091409270433465,nan
pisde,mlp,PBMC,41,interp,1,0.01715963817865196,nan
pisde,mlp,PBMC,41,interp,2,0.007732038646623751,nan
pisde,mlp,PBMC,41,interp,3,0.020005923426263506,nan
pisde,mlp,PBMC,41,interp,4,0.03032170612385865,nan
pisde,mlp,PBMC,41,interp,5,0.04715794098552539,nan
pisde,mlp,PBMC,41,interp,6,0.040832472742552195,nan
pisde,mlp,PBMC,41,interp,7,0.023924064260747113,nan
pisde,mlp,PBMC,41,interp,8,0.031242023155126364,nan
pisde,mlp,PBMC,41,interp,9,0.02833203249995697,nan
pisde,mlp,PBMC,41,interp,10,0.011074565773871892,nan
pisde,mlp,PBMC,41,interp,11,0.011906945163224436,nan
pisde,mlp,PBMC,41,interp,12,0.013377527780362719,nan
pisde,mlp,PBMC,41,interp,13,0.021629042652564157,nan
pisde,mlp,PBMC,41,interp,14,0.009011089184469023,nan
pisde,mlp,PBMC,41,interp,15,0.04055914421283713,nan
pisde,mlp,PBMC,41,interp,16,0.04122597343073131,nan
pisde,mlp,PBMC,41,interp,17,0.024918819078352583,nan
pisde,mlp,PBMC,41,interp,18,0.030550299364518474,nan
pisde,mlp,PBMC,41,interp,19,0.016339839116966126,nan
pisde,mlp,PBMC,42,forecast,-1,0.015223544661868371,nan
pisde,mlp,PBMC,42,interp,0,0.03202258562897631,nan
pisde,mlp,PBMC,42,interp,1,0.01569061323381804,nan
pisde,mlp,PBMC,42,interp,2,0.007419790757220546,nan
pisde,mlp,PBMC,42,interp,3,0.019665216285839948,nan
pisde,mlp,PBMC,42,interp,4,0.029614849850119418,nan
pisde,mlp,PBMC,42,interp,5,0.04642606527807425,nan
pisde,mlp,PBMC,42,interp,6,0.0394777468196148,nan
pisde,mlp,PBMC,42,interp,7,0.022453795932417697,nan
pisde,mlp,PBMC,42,interp,8,0.029433697783355806,nan
pisde,mlp,PBMC,42,interp,9,0.02593387077887832,nan
pisde,mlp,PBMC,42,interp,10,0.011420422931398888,nan
pisde,mlp,PBMC,42,interp,11,0.011454130698961507,nan
pisde,mlp,PBMC,42,interp,12,0.013243247728324636,nan
pisde,mlp,PBMC,42,interp,13,0.021072096564539455,nan
pisde,mlp,PBMC,42,interp,14,0.008855445446568244,nan
pisde,mlp,PBMC,42,interp,15,0.03802623174983333,nan
pisde,mlp,PBMC,42,interp,16,0.03924192397948989,nan
pisde,mlp,PBMC,42,interp,17,0.022612618477573232,nan
pisde,mlp,PBMC,42,interp,18,0.02850281339727867,nan
pisde,mlp,PBMC,42,interp,19,0.013534733720195535,nan
pisde,mlp,PBMC,43,forecast,-1,0.01588593720229814,nan
pisde,mlp,PBMC,43,interp,0,0.03289026296831021,nan
pisde,mlp,PBMC,43,interp,1,0.01691608477127493,nan
pisde,mlp,PBMC,43,interp,2,0.009033361363503967,nan
pisde,mlp,PBMC,43,interp,3,0.020416542433200346,nan
pisde,mlp,PBMC,43,interp,4,0.02919046215072374,nan
pisde,mlp,PBMC,43,interp,5,0.04657735742900271,nan
pisde,mlp,PBMC,43,interp,6,0.03928026547475072,nan
pisde,mlp,PBMC,43,interp,7,0.021964484022582775,nan
pisde,mlp,PBMC,43,interp,8,0.029128997309512128,nan
pisde,mlp,PBMC,43,interp,9,0.02556225207632523,nan
pisde,mlp,PBMC,43,interp,10,0.011424423426115826,nan
pisde,mlp,PBMC,43,interp,11,0.011159846609778978,nan
pisde,mlp,PBMC,43,interp,12,0.013001933284152889,nan
pisde,mlp,PBMC,43,interp,13,0.020594255009555473,nan
pisde,mlp,PBMC,43,interp,14,0.00810069856764506,nan
pisde,mlp,PBMC,43,interp,15,0.03787509071214901,nan
pisde,mlp,PBMC,43,interp,16,0.03876908703893811,nan
pisde,mlp,PBMC,43,interp,17,0.022902836746540256,nan
pisde,mlp,PBMC,43,interp,18,0.02818062790049658,nan
pisde,mlp,PBMC,43,interp,19,0.015415495180387317,nan
pisde,mlp,PBMC,44,forecast,-1,0.01539122687845762,nan
pisde,mlp,PBMC,44,interp,0,0.03264095594135452,nan
pisde,mlp,PBMC,44,interp,1,0.016507487035481994,nan
pisde,mlp,PBMC,44,interp,2,0.007647486257352232,nan
pisde,mlp,PBMC,44,interp,3,0.019497127888138732,nan
pisde,mlp,PBMC,44,interp,4,0.029074059147858766,nan
pisde,mlp,PBMC,44,interp,5,0.04577045672382518,nan
pisde,mlp,PBMC,44,interp,6,0.03919547590590278,nan
pisde,mlp,PBMC,44,interp,7,0.02220615507359691,nan
pisde,mlp,PBMC,44,interp,8,0.02930566943986912,nan
pisde,mlp,PBMC,44,interp,9,0.025702372721700728,nan
pisde,mlp,PBMC,44,interp,10,0.010328134807531808,nan
pisde,mlp,PBMC,44,interp,11,0.01074902760900176,nan
pisde,mlp,PBMC,44,interp,12,0.012003868999329592,nan
pisde,mlp,PBMC,44,interp,13,0.019453008902516777,nan
pisde,mlp,PBMC,44,interp,14,0.008081729772573487,nan
pisde,mlp,PBMC,44,interp,15,0.03753195121306929,nan
pisde,mlp,PBMC,44,interp,16,0.03803428384968355,nan
pisde,mlp,PBMC,44,interp,17,0.02216942571787095,nan
pisde,mlp,PBMC,44,interp,18,0.028086150879497285,nan
pisde,mlp,PBMC,44,interp,19,0.013383980617946545,nan
pisde,mlp,PBMC,5,forecast,-1,0.018683025644241957,nan
pisde,mlp,PBMC,5,interp,0,0.03054298664612598,nan
pisde,mlp,PBMC,5,interp,1,0.017283739865754044,nan
pisde,mlp,PBMC,5,interp,2,0.007317244834238346,nan
pisde,mlp,PBMC,5,interp,3,0.020638077465825577,nan
pisde,mlp,PBMC,5,interp,4,0.031460312160479065,nan
pisde,mlp,PBMC,5,interp,5,0.0486547964092684,nan
pisde,mlp,PBMC,5,interp,6,0.04222616469143514,nan
pisde,mlp,PBMC,5,interp,7,0.024621257128039642,nan
pisde,mlp,PBMC,5,interp,8,0.03258880275850995,nan
pisde,mlp,PBMC,5,interp,9,0.02872024607282997,nan
pisde,mlp,PBMC,5,interp,10,0.012399067019900234,nan
pisde,mlp,PBMC,5,interp,11,0.012964846590868828,nan
pisde,mlp,PBMC,5,interp,12,0.014737884997412576,nan
pisde,mlp,PBMC,5,interp,13,0.023048847167222553,nan
pisde,mlp,PBMC,5,interp,14,0.009505540046783834,nan
pisde,mlp,PBMC,5,interp,15,0.04182887978159677,nan
pisde,mlp,PBMC,5,interp,16,0.04259070380612695,nan
pisde,mlp,PBMC,5,interp,17,0.026015292471280094,nan
pisde,mlp,PBMC,5,interp,18,0.032501988057337616,nan
pisde,mlp,PBMC,5,interp,19,0.015813974373930728,nan
pisde,mlp,ReprParam,1,forecast,-1,1.3666521193671053,5.077148869488496
pisde,mlp,ReprParam,1,interp,0,1.1163248784136872,0.4529691142550926
pisde,mlp,ReprParam,1,interp,1,1.1441019351164208,0.2508102217250665
pisde,mlp,ReprParam,1,interp,2,1.1640351787296326,0.3614620190781205
pisde,mlp,ReprParam,1,interp,3,1.3219229694815702,0.7872670928864851
pisde,mlp,ReprParam,1,interp,4,1.3568696931745188,0.892261526303365
pisde,mlp,ReprParam,1,interp,5,0.8201361718006979,0.567564087017633
pisde,mlp,ReprParam,1,interp,6,0.5852080577109482,0.7472419440333533
pisde,mlp,ReprParam,1,interp,7,0.9973458337422592,0.6529236760686074
pisde,mlp,ReprParam,1,interp,8,0.23500160603701314,0.4522886946076497
pisde,mlp,ReprParam,2,forecast,-1,1.4023992545542168,5.030741831318329
pisde,mlp,ReprParam,2,interp,0,1.1139112465360776,0.4870189492276488
pisde,mlp,ReprParam,2,interp,1,1.187337614407678,0.25584067601009286
pisde,mlp,ReprParam,2,interp,2,1.26733977875176,0.4492566810283582
pisde,mlp,ReprParam,2,interp,3,1.3369554375027557,0.7943213993653371
pisde,mlp,ReprParam,2,interp,4,1.3360927019732782,0.6001859970673644
pisde,mlp,ReprParam,2,interp,5,0.7308534879338668,0.5550961184448933
pisde,mlp,ReprParam,2,interp,6,0.6322268646222482,0.6880663162784114
pisde,mlp,ReprParam,2,interp,7,0.877989147401029,0.4955936252138005
pisde,mlp,ReprParam,2,interp,8,0.42582103160834545,0.5991756588849151
pisde,mlp,ReprParam,3,forecast,-1,1.3573753260739407,5.142626871924724
pisde,mlp,ReprParam,3,interp,0,1.1069978249029981,0.4816377591053627
pisde,mlp,ReprParam,3,interp,1,1.1722000143743343,0.2578314034375459
pisde,mlp,ReprParam,3,interp,2,1.263426303469878,0.43936066142168007
pisde,mlp,ReprParam,3,interp,3,1.2977552256780982,0.6988706757185642
pisde,mlp,ReprParam,3,interp,4,1.3490853198163237,0.8286949065009986
pisde,mlp,ReprParam,3,interp,5,0.6779243195992075,0.5267853520500818
pisde,mlp,ReprParam,3,interp,6,0.4844877329399084,0.6520737237606751
pisde,mlp,ReprParam,3,interp,7,0.8056561808901868,0.5731470398558067
pisde,mlp,ReprParam,3,interp,8,0.2746694655379222,0.4746408406941525
pisde,mlp,ReprParam,4,forecast,-1,1.3754134197030294,4.682566411510994
pisde,mlp,ReprParam,4,interp,0,1.097089420572495,0.5214520838210556
pisde,mlp,ReprParam,4,interp,1,1.1685922118075023,0.2554094295366207
pisde,mlp,ReprParam,4,interp,2,1.193436829282467,0.38461125233260235
pisde,mlp,ReprParam,4,interp,3,1.3288586139533853,0.7538870302079173
pisde,mlp,ReprParam,4,interp,4,1.3425944150006264,0.845366757488877
pisde,mlp,ReprParam,4,interp,5,0.6498588430271457,0.5147010480202385
pisde,mlp,ReprParam,4,interp,6,0.625203398983758,0.6348588647011679
pisde,mlp,ReprParam,4,interp,7,1.0282954789425218,0.6111889474856094
pisde,mlp,ReprParam,4,interp,8,0.42272673718163173,0.5606412496899338
pisde,mlp,ReprParam,40,forecast,-1,1.2280671313360743,5.304348967410305
pisde,mlp,ReprParam,40,interp,0,1.0949825446778967,0.4821440228682441
pisde,mlp,ReprParam,40,interp,1,1.2185976097609132,0.2748037023727466
pisde,mlp,ReprParam,40,interp,2,1.3183570640225526,0.5056249648886987
pisde,mlp,ReprParam,40,interp,3,1.3759761868936216,0.8435072372821507
pisde,mlp,ReprParam,40,interp,4,1.3336047861197917,0.8165451242134599
pisde,mlp,ReprParam,40,interp,5,0.891314273274243,0.5610177711423675
pisde,mlp,ReprParam,40,interp,6,0.6810811268612067,0.7437896424536498
pisde,mlp,ReprParam,40,interp,7,0.9804988828761428,0.5365196491976344
pisde,mlp,ReprParam,40,interp,8,0.5306986939457083,0.6355801323832183
pisde,mlp,ReprParam,41,forecast,-1,1.3215069196556568,5.129687849661396
pisde,mlp,ReprParam,41,interp,0,1.1121401654638625,0.4520700019086958
pisde,mlp,ReprParam,41,interp,1,1.2927258538149606,0.31460994451225033
pisde,mlp,ReprParam,41,interp,2,1.3671432320726975,0.531635722893994
pisde,mlp,ReprParam,41,interp,3,1.3724601616900238,0.9016926371304641
pisde,mlp,ReprParam,41,interp,4,1.3140614472032954,0.7554563130118446
pisde,mlp,ReprParam,41,interp,5,0.7766140195879314,0.5256023402805969
pisde,mlp,ReprParam,41,interp,6,0.70120934153363,0.7484380886846318
pisde,mlp,ReprParam,41,interp,7,0.8038779483059724,0.49646643918922945
pisde,mlp,ReprParam,41,interp,8,0.4086123453576187,0.5901344731958641
pisde,mlp,ReprParam,42,forecast,-1,1.3602434652007367,4.974845010919304
pisde,mlp,ReprParam,42,interp,0,1.093463631562428,0.43125610116031793
pisde,mlp,ReprParam,42,interp,1,1.0052539151139321,0.2142211350720626
pisde,mlp,ReprParam,42,interp,2,0.9441181535960415,0.3064393185447141
pisde,mlp,ReprParam,42,interp,3,1.3022986839477835,0.762911718514504
pisde,mlp,ReprParam,42,interp,4,1.326311465744154,0.8192755058465439
pisde,mlp,ReprParam,42,interp,5,0.5659541724569381,0.49815563090613973
pisde,mlp,ReprParam,42,interp,6,0.4774657436163257,0.6695128357979319
pisde,mlp,ReprParam,42,interp,7,0.9007641519750491,0.523185810101297
pisde,mlp,ReprParam,42,interp,8,0.2826009037246041,0.5083978097527792
pisde,mlp,ReprParam,43,forecast,-1,1.3821424314473354,5.859821928749049
pisde,mlp,ReprParam,43,interp,0,1.1212773784853887,0.46396594724302176
pisde,mlp,ReprParam,43,interp,1,1.2162743242703908,0.2620929445038791
pisde,mlp,ReprParam,43,interp,2,1.193586365549987,0.38771825683591415
pisde,mlp,ReprParam,43,interp,3,1.336934280961064,0.7500034323408744
pisde,mlp,ReprParam,43,interp,4,1.3681725724267029,0.8957522064013247
pisde,mlp,ReprParam,43,interp,5,0.6757197606834804,0.5528220427739616
pisde,mlp,ReprParam,43,interp,6,0.4802615637787543,0.6509178936801137
pisde,mlp,ReprParam,43,interp,7,1.0549669113575848,0.5816889004387109
pisde,mlp,ReprParam,43,interp,8,0.34316242350871123,0.5579200234477242
pisde,mlp,ReprParam,44,forecast,-1,1.353967107667635,4.969446897839276
pisde,mlp,ReprParam,44,interp,0,1.0642288488122573,0.5008742290304159
pisde,mlp,ReprParam,44,interp,1,1.2613569800877442,0.340706671990946
pisde,mlp,ReprParam,44,interp,2,1.2910036224420565,0.44123818149217864
pisde,mlp,ReprParam,44,interp,3,1.35364469683229,0.7912848325754023
pisde,mlp,ReprParam,44,interp,4,1.3363949039143206,1.0294661371286697
pisde,mlp,ReprParam,44,interp,5,0.7601692088692333,0.5430454097356955
pisde,mlp,ReprParam,44,interp,6,0.6489576688105794,0.6957402383542304
pisde,mlp,ReprParam,44,interp,7,1.194426022815397,0.6962575309066108
pisde,mlp,ReprParam,44,interp,8,0.3333788829962189,0.5564052311252605
pisde,mlp,ReprParam,5,forecast,-1,1.377341245283727,4.936846624470607
pisde,mlp,ReprParam,5,interp,0,1.1128408728937782,0.4416099795620077
pisde,mlp,ReprParam,5,interp,1,1.000917771489184,0.2140585856337563
pisde,mlp,ReprParam,5,interp,2,1.1548378850370176,0.37619064811355596
pisde,mlp,ReprParam,5,interp,3,1.3343124037218033,0.7501333003210178
pisde,mlp,ReprParam,5,interp,4,1.3787607042186236,0.7960027660147118
pisde,mlp,ReprParam,5,interp,5,0.5764675815944802,0.47919387327885277
pisde,mlp,ReprParam,5,interp,6,0.4943736810784854,0.6392976518394449
pisde,mlp,ReprParam,5,interp,7,0.816379195409254,0.46091839726477385
pisde,mlp,ReprParam,5,interp,8,0.33716502890583694,0.5276215847244924
pisde,mlp,ReprProtein,1,forecast,-1,1.1892444637053567,3.7051294702294393
pisde,mlp,ReprProtein,1,interp,0,1.2491767479983653,2.449185853053439
pisde,mlp,ReprProtein,1,interp,1,1.2049470898461458,0.31941736874905396
pisde,mlp,ReprProtein,1,interp,2,0.3360564296458496,0.12003400735449629
pisde,mlp,ReprProtein,1,interp,3,0.3905181766342427,0.19501256957876226
pisde,mlp,ReprProtein,1,interp,4,0.27881180033143216,0.29968194920970714
pisde,mlp,ReprProtein,1,interp,5,0.3837141523493587,0.40104238801836434
pisde,mlp,ReprProtein,1,interp,6,0.31219656987364075,0.6089155215737667
pisde,mlp,ReprProtein,1,interp,7,0.11096036956692068,0.3998739746862877
pisde,mlp,ReprProtein,1,interp,8,0.2692385341851732,0.4583924114607408
pisde,mlp,ReprProtein,2,forecast,-1,1.2000356363995297,3.793957169543509
pisde,mlp,ReprProtein,2,interp,0,1.2440695668664408,2.5187721211572875
pisde,mlp,ReprProtein,2,interp,1,1.163325787770174,0.28109260058699503
pisde,mlp,ReprProtein,2,interp,2,0.5558191461843558,0.14889387633664056
pisde,mlp,ReprProtein,2,interp,3,0.3431881002305023,0.18841190170970154
pisde,mlp,ReprProtein,2,interp,4,0.2646974486407814,0.2926759344914256
pisde,mlp,ReprProtein,2,interp,5,0.3801767149975246,0.3956050671537704
pisde,mlp,ReprProtein,2,interp,6,0.3640201912099086,0.614182253743979
pisde,mlp,ReprProtein,2,interp,7,0.07630609200621263,0.37254254190245967
pisde,mlp,ReprProtein,2,interp,8,0.23748045187014044,0.39945279969270653
pisde,mlp,ReprProtein,3,forecast,-1,1.2226194405913642,3.7486810810150875
pisde,mlp,ReprProtein,3,interp,0,1.2490767146597495,2.5722043064654825
pisde,mlp,ReprProtein,3,interp,1,1.1287300012951293,0.2898890948719921
pisde,mlp,ReprProtein,3,interp,2,0.5032406260545528,0.14565966822285212
pisde,mlp,ReprProtein,3,interp,3,0.31465995353257525,0.18175233923117864
pisde,mlp,ReprProtein,3,interp,4,0.27703906717421156,0.2909147193545112
pisde,mlp,ReprProtein,3,interp,5,0.30632617980769616,0.3722003934973273
pisde,mlp,ReprProtein,3,interp,6,0.31065629488336777,0.6038579295295458
pisde,mlp,ReprProtein,3,interp,7,0.10881360105981597,0.40775777721619405
pisde,mlp,ReprProtein,3,interp,8,0.27125504509797227,0.4687093347003628
pisde,mlp,ReprProtein,4,forecast,-1,1.233274297584781,3.7922609150757562
pisde,mlp,ReprProtein,4,interp,0,1.259676990153679,2.505021509157801
pisde,mlp,ReprProtein,4,interp,1,1.1962032619697973,0.320249243206418
pisde,mlp,ReprProtein,4,interp,2,0.3950937299406657,0.12908890378436924
pisde,mlp,ReprProtein,4,interp,3,0.3444148842761602,0.18558889639609985
pisde,mlp,ReprProtein,4,interp,4,0.2641508613200799,0.294157246835893
pisde,mlp,ReprProtein,4,interp,5,0.36851918377952775,0.3992651448790921
pisde,mlp,ReprProtein,4,interp,6,0.34115102945577114,0.5779375095045064
pisde,mlp,ReprProtein,4,interp,7,0.08722163067584199,0.3931052531228325
pisde,mlp,ReprProtein,4,interp,8,0.16970088050578708,0.35364641791464535
pisde,mlp,ReprProtein,40,forecast,-1,1.2434508628211938,3.799423811671338
pisde,mlp,ReprProtein,40,interp,0,1.2476562446668586,2.582072493650999
pisde,mlp,ReprProtein,40,interp,1,1.1694808112161517,0.31812287903220565
pisde,mlp,ReprProtein,40,interp,2,0.7040240978671293,0.16941638033005393
pisde,mlp,ReprProtein,40,interp,3,0.40969465452947984,0.20129979972131049
pisde,mlp,ReprProtein,40,interp,4,0.2730265044125926,0.2797917134169942
pisde,mlp,ReprProtein,40,interp,5,0.2665534924791778,0.3498678889887813
pisde,mlp,ReprProtein,40,interp,6,0.3285667275007683,0.6081353103129302
pisde,mlp,ReprProtein,40,interp,7,0.10874884835988552,0.41385649956442905
pisde,mlp,ReprProtein,40,interp,8,0.20046344156254248,0.35878536382127885
pisde,mlp,ReprProtein,41,forecast,-1,1.2176275921896131,3.685526925534946
pisde,mlp,ReprProtein,41,interp,0,1.2229318111634222,2.5628101783359125
pisde,mlp,ReprProtein,41,interp,1,1.1073529848931691,0.3147894156831108
pisde,mlp,ReprProtein,41,interp,2,0.5668321319525453,0.15698471668551703
pisde,mlp,ReprProtein,41,interp,3,0.39563265757356414,0.1977676930306617
pisde,mlp,ReprProtein,41,interp,4,0.2717523721167817,0.28699876812535596
pisde,mlp,ReprProtein,41,interp,5,0.3190975526665072,0.3735981100862509
pisde,mlp,ReprProtein,41,interp,6,0.302982200407265,0.5679730742645485
pisde,mlp,ReprProtein,41,interp,7,0.1178409719145922,0.4149299862240984
pisde,mlp,ReprProtein,41,interp,8,0.23806285222958118,0.41357745929291695
pisde,mlp,ReprProtein,42,forecast,-1,1.2635695152679847,3.8330678937759077
pisde,mlp,ReprProtein,42,interp,0,1.2332903012266248,2.675638123499201
pisde,mlp,ReprProtein,42,interp,1,1.1425463070705975,0.2801992018643577
pisde,mlp,ReprProtein,42,interp,2,0.5410590017662713,0.14499515990865014
pisde,mlp,ReprProtein,42,interp,3,0.29427269416746427,0.1767653823713409
pisde,mlp,ReprProtein,42,interp,4,0.26197388674011257,0.2866575501637831
pisde,mlp,ReprProtein,42,interp,5,0.3070474975983851,0.3704127007974482
pisde,mlp,ReprProtein,42,interp,6,0.3173225919526603,0.5878872228773403
pisde,mlp,ReprProtein,42,interp,7,0.09067537862402197,0.3971563232070616
pisde,mlp,ReprProtein,42,interp,8,0.13676118762248546,0.31313293071972315
pisde,mlp,ReprProtein,43,forecast,-1,1.3009479159126642,3.7974207391835963
pisde,mlp,ReprProtein,43,interp,0,1.2368259433918958,2.6269116261132193
pisde,mlp,ReprProtein,43,interp,1,1.1411243253362156,0.27515179863200623
pisde,mlp,ReprProtein,43,interp,2,0.3812623754450271,0.1286181304945369
pisde,mlp,ReprProtein,43,interp,3,0.37820255820954296,0.19061443314486903
pisde,mlp,ReprProtein,43,interp,4,0.30130904062269237,0.2959337475837033
pisde,mlp,ReprProtein,43,interp,5,0.34589442637074597,0.3773589339833196
pisde,mlp,ReprProtein,43,interp,6,0.33486766633771403,0.6169904846145385
pisde,mlp,ReprProtein,43,interp,7,0.1253306260783209,0.4191586594936172
pisde,mlp,ReprProtein,43,interp,8,0.2549104162250362,0.37887837017842646
pisde,mlp,ReprProtein,44,forecast,-1,1.1929605423445295,3.923646393835846
pisde,mlp,ReprProtein,44,interp,0,1.2317249883965438,2.5846952392783717
pisde,mlp,ReprProtein,44,interp,1,1.1392096727457623,0.2919276281981586
pisde,mlp,ReprProtein,44,interp,2,0.5350965592139423,0.1437055510593909
pisde,mlp,ReprProtein,44,interp,3,0.36755221054386356,0.19264477207959327
pisde,mlp,ReprProtein,44,interp,4,0.2749649792909674,0.29412002097239115
pisde,mlp,ReprProtein,44,interp,5,0.3624820028119008,0.38698090686383263
pisde,mlp,ReprProtein,44,interp,6,0.3721250273246731,0.6230346304707847
pisde,mlp,ReprProtein,44,interp,7,0.11529630141362568,0.43587294267700505
pisde,mlp,ReprProtein,44,interp,8,0.2394385257285997,0.37511612146323764
pisde,mlp,ReprProtein,5,forecast,-1,1.2725503994686025,3.819197536604747
pisde,mlp,ReprProtein,5,interp,0,1.2321259627287218,2.6716688078141315
pisde,mlp,ReprProtein,5,interp,1,1.1886468914341646,0.2525511855551143
pisde,mlp,ReprProtein,5,interp,2,0.6137359320562679,0.16277388484082916
pisde,mlp,ReprProtein,5,interp,3,0.574614545559175,0.2326638193255344
pisde,mlp,ReprProtein,5,interp,4,0.28124166938696116,0.2958616671206938
pisde,mlp,ReprProtein,5,interp,5,0.3399095783432039,0.37981049216016044
pisde,mlp,ReprProtein,5,interp,6,0.3285060524168244,0.5947094752372151
pisde,mlp,ReprProtein,5,interp,7,0.09476642627653786,0.4027243047022453
pisde,mlp,ReprProtein,5,interp,8,0.1920229373674347,0.3835604645810933
prescient,sd0.5,GoM,1,forecast,-1,0.611104538240311,1.1006415514990466
prescient,sd0.5,GoM,1,interp,0,0.4432067906004674,0.7642111943190243
prescient,sd0.5,GoM,1,interp,1,0.4492930239809837,0.9251050089402727
prescient,sd0.5,GoM,1,interp,2,0.47371786248714715,1.0137590778284165
prescient,sd0.5,GoM,1,interp,3,0.4927633691006919,0.9243192943759662
prescient,sd0.5,GoM,1,interp,4,0.4660228956181327,0.9078577876052019
prescient,sd0.5,GoM,1,interp,5,0.47877838254718613,0.9049537009924233
prescient,sd0.5,GoM,1,interp,6,0.5122522446997063,0.7724538055149229
prescient,sd0.5,GoM,1,interp,7,0.6174070903254115,0.7891168142639992
prescient,sd0.5,GoM,1,interp,8,0.579625214516014,0.9000642435228688
prescient,sd0.5,GoM,2,forecast,-1,0.5292219340561436,1.1254782926965319
prescient,sd0.5,GoM,2,interp,0,0.43197224167382486,0.5830284458947685
prescient,sd0.5,GoM,2,interp,1,0.4387524287516947,1.001353603292755
prescient,sd0.5,GoM,2,interp,2,0.4484869428601099,1.0864056122247088
prescient,sd0.5,GoM,2,interp,3,0.46821960220457004,0.9674686560980272
prescient,sd0.5,GoM,2,interp,4,0.44303388039708025,0.8732302289288368
prescient,sd0.5,GoM,2,interp,5,0.4503857398672766,0.8413796927616406
prescient,sd0.5,GoM,2,interp,6,0.4776933808454304,0.7181714041573956
prescient,sd0.5,GoM,2,interp,7,0.5179762636683128,0.7935100010061149
prescient,sd0.5,GoM,2,interp,8,0.5130826603029089,0.9613561742593869
prescient,sd0.5,GoM,3,forecast,-1,0.5294131243192273,1.1850045742046966
prescient,sd0.5,GoM,3,interp,0,0.4244799827465719,0.5920423246896592
prescient,sd0.5,GoM,3,interp,1,0.4398646321071086,0.9886495723842017
prescient,sd0.5,GoM,3,interp,2,0.44485285589930423,1.1045843976562086
prescient,sd0.5,GoM,3,interp,3,0.46576343136051607,0.9644039372279585
prescient,sd0.5,GoM,3,interp,4,0.44133783767884543,0.8376533390713258
prescient,sd0.5,GoM,3,interp,5,0.4503008335905209,0.7865674153081131
prescient,sd0.5,GoM,3,interp,6,0.47023123823822094,0.7489601356705252
prescient,sd0.5,GoM,3,interp,7,0.5358389756502272,0.7897683905159192
prescient,sd0.5,GoM,3,interp,8,0.519287141767222,0.963644322332269
prescient,sd0.5,GoM,4,forecast,-1,0.6065512679344893,1.099257372479228
prescient,sd0.5,GoM,4,interp,0,0.4481284819527474,0.8044046643562061
prescient,sd0.5,GoM,4,interp,1,0.4552652432326891,0.9630244648397943
prescient,sd0.5,GoM,4,interp,2,0.471505441450839,1.0407208289372196
prescient,sd0.5,GoM,4,interp,3,0.5048129745581071,0.9468665094001396
prescient,sd0.5,GoM,4,interp,4,0.4742629823193053,0.8935586466780941
prescient,sd0.5,GoM,4,interp,5,0.48399943271837514,0.9007928045858572
prescient,sd0.5,GoM,4,interp,6,0.5298652896184866,0.7793928332197043
prescient,sd0.5,GoM,4,interp,7,0.6259641865231204,0.7741151395793446
prescient,sd0.5,GoM,4,interp,8,0.5909628967150405,0.9230690728145498
prescient,sd0.5,GoM,40,forecast,-1,0.6224359393391091,1.1018945343124338
prescient,sd0.5,GoM,40,interp,0,0.4445005261559267,0.800054656593931
prescient,sd0.5,GoM,40,interp,1,0.456149254489436,0.9595829370319152
prescient,sd0.5,GoM,40,interp,2,0.469647350363998,1.0487175444996926
prescient,sd0.5,GoM,40,interp,3,0.5054737523578099,0.9682312985335468
prescient,sd0.5,GoM,40,interp,4,0.46683875066215197,0.8907234243471127
prescient,sd0.5,GoM,40,interp,5,0.4747106854134166,0.8899811837082188
prescient,sd0.5,GoM,40,interp,6,0.5213693826187062,0.7651731014580148
prescient,sd0.5,GoM,40,interp,7,0.582224079135146,0.7929343430382765
prescient,sd0.5,GoM,40,interp,8,0.5818357866240371,0.9039254237108303
prescient,sd0.5,GoM,41,forecast,-1,0.6295809486013616,1.0945809460892488
prescient,sd0.5,GoM,41,interp,0,0.4451613579038137,0.7851141076542935
prescient,sd0.5,GoM,41,interp,1,0.45389465086361747,0.9659622912948805
prescient,sd0.5,GoM,41,interp,2,0.4727960936077047,1.0288225042074668
prescient,sd0.5,GoM,41,interp,3,0.497700815123966,0.9618789781827783
prescient,sd0.5,GoM,41,interp,4,0.467946454665562,0.9009310888877885
prescient,sd0.5,GoM,41,interp,5,0.4727771104477153,0.8799367350636269
prescient,sd0.5,GoM,41,interp,6,0.5180181984799426,0.7821580802831907
prescient,sd0.5,GoM,41,interp,7,0.585592215346949,0.7570837364093365
prescient,sd0.5,GoM,41,interp,8,0.6187290749790701,0.946091764140878
prescient,sd0.5,GoM,42,forecast,-1,0.610331610244304,1.0990672803301067
prescient,sd0.5,GoM,42,interp,0,0.44650330020166573,0.7976650329417289
prescient,sd0.5,GoM,42,interp,1,0.45534665110053685,0.974728814556819
prescient,sd0.5,GoM,42,interp,2,0.4701650857369322,1.0245884170327957
prescient,sd0.5,GoM,42,interp,3,0.4912286688698115,0.9458589743366721
prescient,sd0.5,GoM,42,interp,4,0.45946720528826046,0.8848516871408566
prescient,sd0.5,GoM,42,interp,5,0.485855778734168,0.8726211506931252
prescient,sd0.5,GoM,42,interp,6,0.5261378770777908,0.7458426417712757
prescient,sd0.5,GoM,42,interp,7,0.593107369129988,0.7494431925177703
prescient,sd0.5,GoM,42,interp,8,0.6047746840690235,0.9148243233445267
prescient,sd0.5,GoM,43,forecast,-1,0.616023755449198,1.1077536582886243
prescient,sd0.5,GoM,43,interp,0,0.445854313521859,0.7717362305320549
prescient,sd0.5,GoM,43,interp,1,0.4565903786108899,0.950587091770721
prescient,sd0.5,GoM,43,interp,2,0.46683561327043477,1.0218795827655762
prescient,sd0.5,GoM,43,interp,3,0.49375130571274617,0.9533713084311115
prescient,sd0.5,GoM,43,interp,4,0.47425437121801295,0.9009324959296947
prescient,sd0.5,GoM,43,interp,5,0.48096716833044717,0.9060528645184649
prescient,sd0.5,GoM,43,interp,6,0.5168952605831083,0.7833457077474947
prescient,sd0.5,GoM,43,interp,7,0.6267256372258307,0.7777988409105674
prescient,sd0.5,GoM,43,interp,8,0.5741714823865641,0.9235417229114056
prescient,sd0.5,GoM,44,forecast,-1,0.6269281806980325,1.1043240706673627
prescient,sd0.5,GoM,44,interp,0,0.4443191502948934,0.77847772876653
prescient,sd0.5,GoM,44,interp,1,0.4510915624725749,0.9463167628832799
prescient,sd0.5,GoM,44,interp,2,0.47634165187110244,1.02910943087559
prescient,sd0.5,GoM,44,interp,3,0.49100214298555683,0.9476760284552368
prescient,sd0.5,GoM,44,interp,4,0.4629810296433211,0.9100756423356859
prescient,sd0.5,GoM,44,interp,5,0.4818099933899142,0.8976926902096117
prescient,sd0.5,GoM,44,interp,6,0.5224043437634303,0.7853963925656123
prescient,sd0.5,GoM,44,interp,7,0.6115127627445066,0.7848583947181872
prescient,sd0.5,GoM,44,interp,8,0.5927183537205958,0.9151803644129367
prescient,sd0.5,GoM,5,forecast,-1,0.5380903791110861,1.152001034298976
prescient,sd0.5,GoM,5,interp,0,0.4271845701696281,0.5413943452821647
prescient,sd0.5,GoM,5,interp,1,0.44060448082056697,0.9491142806405286
prescient,sd0.5,GoM,5,interp,2,0.4467215051975617,1.0948626550873852
prescient,sd0.5,GoM,5,interp,3,0.4601901853299063,0.9613752831695297
prescient,sd0.5,GoM,5,interp,4,0.444616280260577,0.8258528776486631
prescient,sd0.5,GoM,5,interp,5,0.4541124583157934,0.8333766540747058
prescient,sd0.5,GoM,5,interp,6,0.4695547742409698,0.7481321855627636
prescient,sd0.5,GoM,5,interp,7,0.5324611568594629,0.7553299647036926
prescient,sd0.5,GoM,5,interp,8,0.5213609844145316,0.9422028919567408
prescient,sd0.5,LV,1,forecast,-1,0.6526406146184709,3.212975190602851
prescient,sd0.5,LV,1,interp,0,0.4393800694329103,0.6607175337807234
prescient,sd0.5,LV,1,interp,1,0.3823285168898911,0.6084338916570444
prescient,sd0.5,LV,1,interp,2,0.3649813602325277,0.7248341018605596
prescient,sd0.5,LV,1,interp,3,0.41556195134047647,0.9782049055246835
prescient,sd0.5,LV,1,interp,4,0.44581397366228703,1.2265432740612667
prescient,sd0.5,LV,1,interp,5,0.4372777833145368,1.5153968970203726
prescient,sd0.5,LV,1,interp,6,0.3514860777980844,1.3928267404830814
prescient,sd0.5,LV,1,interp,7,0.19953734049825228,1.0716457944891824
prescient,sd0.5,LV,1,interp,8,0.2511666070733942,1.4469169883015416
prescient,sd0.5,LV,2,forecast,-1,0.6213758579641284,3.222548740683973
prescient,sd0.5,LV,2,interp,0,0.4330140304801141,0.6682133545538195
prescient,sd0.5,LV,2,interp,1,0.3627073457954886,0.6773037655876467
prescient,sd0.5,LV,2,interp,2,0.33806124838804136,0.7339443437698414
prescient,sd0.5,LV,2,interp,3,0.40529956505393977,0.9662352082635589
prescient,sd0.5,LV,2,interp,4,0.43969281956763917,1.2491905697847447
prescient,sd0.5,LV,2,interp,5,0.4333545801442855,1.4984346547990122
prescient,sd0.5,LV,2,interp,6,0.32128173949035715,1.376340535769536
prescient,sd0.5,LV,2,interp,7,0.17671253049928237,1.0468482095386544
prescient,sd0.5,LV,2,interp,8,0.28944168922608227,1.5133984549350934
prescient,sd0.5,LV,3,forecast,-1,0.6325904043222621,3.2582017385364757
prescient,sd0.5,LV,3,interp,0,0.43472086580874497,0.6451807668384696
prescient,sd0.5,LV,3,interp,1,0.3600735513373987,0.6339614805027641
prescient,sd0.5,LV,3,interp,2,0.34586269864580127,0.609538443822601
prescient,sd0.5,LV,3,interp,3,0.40854434177418725,0.8440149047428434
prescient,sd0.5,LV,3,interp,4,0.44752922479119295,1.0951228799309638
prescient,sd0.5,LV,3,interp,5,0.4300424979483913,1.341271092711435
prescient,sd0.5,LV,3,interp,6,0.33451468023332687,1.316552318588907
prescient,sd0.5,LV,3,interp,7,0.19692520253334705,1.0337678377560477
prescient,sd0.5,LV,3,interp,8,0.2621470796233536,1.4383915737436876
prescient,sd0.5,LV,4,forecast,-1,0.6584181237557327,3.0450844428884887
prescient,sd0.5,LV,4,interp,0,0.4334245202431051,0.6622095005766682
prescient,sd0.5,LV,4,interp,1,0.34547469646283047,0.6410890555083572
prescient,sd0.5,LV,4,interp,2,0.320111062488191,0.6742522768441216
prescient,sd0.5,LV,4,interp,3,0.38330797772119324,0.849586722660094
prescient,sd0.5,LV,4,interp,4,0.4448045266898873,1.070942367672892
prescient,sd0.5,LV,4,interp,5,0.4286644434798811,1.211902247602732
prescient,sd0.5,LV,4,interp,6,0.3483422281192098,1.18037772730353
prescient,sd0.5,LV,4,interp,7,0.17919227871524035,0.9161601911585644
prescient,sd0.5,LV,4,interp,8,0.32824638229872494,1.4900755666868706
prescient,sd0.5,LV,40,forecast,-1,0.6105497597646792,3.4486270232424117
prescient,sd0.5,LV,40,interp,0,0.4397433024652672,0.6426141721437387
prescient,sd0.5,LV,40,interp,1,0.3778014832301319,0.8115277924507439
prescient,sd0.5,LV,40,interp,2,0.3564456882745507,0.8713021801553523
prescient,sd0.5,LV,40,interp,3,0.39567907527478335,1.0554087341393796
prescient,sd0.5,LV,40,interp,4,0.4370384836310846,1.2858972686282453
prescient,sd0.5,LV,40,interp,5,0.42641811663699253,1.503695973681803
prescient,sd0.5,LV,40,interp,6,0.33897155614629043,1.5238923582971098
prescient,sd0.5,LV,40,interp,7,0.23743518027478783,1.3648933121747449
prescient,sd0.5,LV,40,interp,8,0.22103166798094923,1.599739368279246
prescient,sd0.5,LV,41,forecast,-1,0.6146589631186672,3.246597859980768
prescient,sd0.5,LV,41,interp,0,0.4142015420350078,0.5972319420747347
prescient,sd0.5,LV,41,interp,1,0.3731911442306013,0.6640048944075457
prescient,sd0.5,LV,41,interp,2,0.3492855110815205,0.6961324704444353
prescient,sd0.5,LV,41,interp,3,0.41529341887356047,0.9329499248721939
prescient,sd0.5,LV,41,interp,4,0.4433932890586227,1.170140611986816
prescient,sd0.5,LV,41,interp,5,0.4268173561751193,1.4482924449715322
prescient,sd0.5,LV,41,interp,6,0.37040756398648894,1.404695380590989
prescient,sd0.5,LV,41,interp,7,0.17801632152839886,1.149874444516353
prescient,sd0.5,LV,41,interp,8,0.26486618393500905,1.5837516375564136
prescient,sd0.5,LV,42,forecast,-1,0.6402382628619638,3.0552357553049623
prescient,sd0.5,LV,42,interp,0,0.4302932268950693,0.6259924390022807
prescient,sd0.5,LV,42,interp,1,0.3864356116437739,0.643163988932555
prescient,sd0.5,LV,42,interp,2,0.36998705744548477,0.6668400561817969
prescient,sd0.5,LV,42,interp,3,0.42620729027642856,0.9306531995951782
prescient,sd0.5,LV,42,interp,4,0.44063541977542087,1.1153813291360206
prescient,sd0.5,LV,42,interp,5,0.4179362099804273,1.3457180985210468
prescient,sd0.5,LV,42,interp,6,0.34092723352230125,1.3052411571691627
prescient,sd0.5,LV,42,interp,7,0.20144076220762272,1.0769721217864858
prescient,sd0.5,LV,42,interp,8,0.31043138417748806,1.6303278545841924
prescient,sd0.5,LV,43,forecast,-1,0.5043015731501377,3.710732726960957
prescient,sd0.5,LV,43,interp,0,0.4023355182690519,0.5344205753439437
prescient,sd0.5,LV,43,interp,1,0.38722257382318553,0.650504710373037
prescient,sd0.5,LV,43,interp,2,0.4224950430383647,0.8867744358811948
prescient,sd0.5,LV,43,interp,3,0.4002290428503593,1.0104412308696702
prescient,sd0.5,LV,43,interp,4,0.3716568227969189,1.268481609199439
prescient,sd0.5,LV,43,interp,5,0.4156772631455319,1.4747658509665247
prescient,sd0.5,LV,43,interp,6,0.3868190252937944,1.3907992732232353
prescient,sd0.5,LV,43,interp,7,0.3582162853139009,1.5119328617147647
prescient,sd0.5,LV,43,interp,8,0.4102891030465889,2.25832894727896
prescient,sd0.5,LV,44,forecast,-1,0.6828012747169715,3.5427160420055976
prescient,sd0.5,LV,44,interp,0,0.41466577058616266,0.6063968485952455
prescient,sd0.5,LV,44,interp,1,0.3630062291280192,0.6545173449780877
prescient,sd0.5,LV,44,interp,2,0.3598519303182285,0.6732983471855676
prescient,sd0.5,LV,44,interp,3,0.3983886024199009,0.9146069291712142
prescient,sd0.5,LV,44,interp,4,0.4440399259377968,1.1701334850570775
prescient,sd0.5,LV,44,interp,5,0.4285589021054763,1.4365752338131654
prescient,sd0.5,LV,44,interp,6,0.35293081139228916,1.4263744371781995
prescient,sd0.5,LV,44,interp,7,0.20628459847676262,0.9381654866528207
prescient,sd0.5,LV,44,interp,8,0.17935279327794224,1.1076834747128665
prescient,sd0.5,LV,5,forecast,-1,0.6215823326387196,3.084040435400869
prescient,sd0.5,LV,5,interp,0,0.44130151122922556,0.6669258438465125
prescient,sd0.5,LV,5,interp,1,0.35238456421623665,0.6471995355133942
prescient,sd0.5,LV,5,interp,2,0.3448809957266588,0.6188442177225932
prescient,sd0.5,LV,5,interp,3,0.3824352915129832,0.8067286131784023
prescient,sd0.5,LV,5,interp,4,0.44025564211049933,1.0355036180633588
prescient,sd0.5,LV,5,interp,5,0.4257215933514285,1.2113066140960562
prescient,sd0.5,LV,5,interp,6,0.3426921656203566,1.2189697415709826
prescient,sd0.5,LV,5,interp,7,0.2187375922057527,1.2320206643540776
prescient,sd0.5,LV,5,interp,8,0.2717285542111638,1.7599952764429556
prescient,sd0.5,PBMC,1,forecast,-1,0.06012314741745717,nan
prescient,sd0.5,PBMC,1,interp,0,0.17979924468316094,nan
prescient,sd0.5,PBMC,1,interp,1,0.10491451405879793,nan
prescient,sd0.5,PBMC,1,interp,2,0.0925313931985649,nan
prescient,sd0.5,PBMC,1,interp,3,0.071661065739265,nan
prescient,sd0.5,PBMC,1,interp,4,0.06250535184090733,nan
prescient,sd0.5,PBMC,1,interp,5,0.07639324732027591,nan
prescient,sd0.5,PBMC,1,interp,6,0.059578710575729554,nan
prescient,sd0.5,PBMC,1,interp,7,0.04764509406077766,nan
prescient,sd0.5,PBMC,1,interp,8,0.04851318305518082,nan
prescient,sd0.5,PBMC,1,interp,9,0.04638479043225785,nan
prescient,sd0.5,PBMC,1,interp,10,0.06141363220404261,nan
prescient,sd0.5,PBMC,1,interp,11,0.05390655782743481,nan
prescient,sd0.5,PBMC,1,interp,12,0.05548362099332904,nan
prescient,sd0.5,PBMC,1,interp,13,0.04956557549830343,nan
prescient,sd0.5,PBMC,1,interp,14,0.06129530758459378,nan
prescient,sd0.5,PBMC,1,interp,15,0.05303689470890205,nan
prescient,sd0.5,PBMC,1,interp,16,0.05805189729141902,nan
prescient,sd0.5,PBMC,1,interp,17,0.050668628977652674,nan
prescient,sd0.5,PBMC,1,interp,18,0.055319538762975795,nan
prescient,sd0.5,PBMC,1,interp,19,0.06476720669465558,nan
prescient,sd0.5,PBMC,2,forecast,-1,0.05675359904238442,nan
prescient,sd0.5,PBMC,2,interp,0,0.17822109626966193,nan
prescient,sd0.5,PBMC,2,interp,1,0.10148186037490348,nan
prescient,sd0.5,PBMC,2,interp,2,0.0882503509246379,nan
prescient,sd0.5,PBMC,2,interp,3,0.0664403500884374,nan
prescient,sd0.5,PBMC,2,interp,4,0.05585384905333857,nan
prescient,sd0.5,PBMC,2,interp,5,0.07644408536581909,nan
prescient,sd0.5,PBMC,2,interp,6,0.057101805165873654,nan
prescient,sd0.5,PBMC,2,interp,7,0.04333960764548184,nan
prescient,sd0.5,PBMC,2,interp,8,0.04718716319364069,nan
prescient,sd0.5,PBMC,2,interp,9,0.04439215455963841,nan
prescient,sd0.5,PBMC,2,interp,10,0.05427644801893361,nan
prescient,sd0.5,PBMC,2,interp,11,0.04868395454557117,nan
prescient,sd0.5,PBMC,2,interp,12,0.05369910854800142,nan
prescient,sd0.5,PBMC,2,interp,13,0.055796511659019776,nan
prescient,sd0.5,PBMC,2,interp,14,0.05868762141502526,nan
prescient,sd0.5,PBMC,2,interp,15,0.068651264539898,nan
prescient,sd0.5,PBMC,2,interp,16,0.07830721231085336,nan
prescient,sd0.5,PBMC,2,interp,17,0.06507981514703065,nan
prescient,sd0.5,PBMC,2,interp,18,0.06575812780936519,nan
prescient,sd0.5,PBMC,2,interp,19,0.06403119748436331,nan
prescient,sd0.5,PBMC,3,forecast,-1,0.1124356758552667,nan
prescient,sd0.5,PBMC,3,interp,0,0.1774602031723393,nan
prescient,sd0.5,PBMC,3,interp,1,0.10473297075606658,nan
prescient,sd0.5,PBMC,3,interp,2,0.10237795740372874,nan
prescient,sd0.5,PBMC,3,interp,3,0.07218848347213352,nan
prescient,sd0.5,PBMC,3,interp,4,0.05415505840027002,nan
prescient,sd0.5,PBMC,3,interp,5,0.06830480247060483,nan
prescient,sd0.5,PBMC,3,interp,6,0.052955712691590384,nan
prescient,sd0.5,PBMC,3,interp,7,0.060635871163810195,nan
prescient,sd0.5,PBMC,3,interp,8,0.053553055900558366,nan
prescient,sd0.5,PBMC,3,interp,9,0.0595642827745384,nan
prescient,sd0.5,PBMC,3,interp,10,0.09385566563792103,nan
prescient,sd0.5,PBMC,3,interp,11,0.08630324620552465,nan
prescient,sd0.5,PBMC,3,interp,12,0.09022523834822926,nan
prescient,sd0.5,PBMC,3,interp,13,0.08343523972323696,nan
prescient,sd0.5,PBMC,3,interp,14,0.11674811025064269,nan
prescient,sd0.5,PBMC,3,interp,15,0.07251231252427359,nan
prescient,sd0.5,PBMC,3,interp,16,0.0821499245037497,nan
prescient,sd0.5,PBMC,3,interp,17,0.0911060748278536,nan
prescient,sd0.5,PBMC,3,interp,18,0.0831945871938965,nan
prescient,sd0.5,PBMC,3,interp,19,0.11344969871256899,nan
prescient,sd0.5,PBMC,4,forecast,-1,0.05506368608440293,nan
prescient,sd0.5,PBMC,4,interp,0,0.17771504904978525,nan
prescient,sd0.5,PBMC,4,interp,1,0.10734471577570592,nan
prescient,sd0.5,PBMC,4,interp,2,0.08426717657863075,nan
prescient,sd0.5,PBMC,4,interp,3,0.07030464678684034,nan
prescient,sd0.5,PBMC,4,interp,4,0.06527224167240642,nan
prescient,sd0.5,PBMC,4,interp,5,0.08443120462539005,nan
prescient,sd0.5,PBMC,4,interp,6,0.06710317225913981,nan
prescient,sd0.5,PBMC,4,interp,7,0.04794594836040833,nan
prescient,sd0.5,PBMC,4,interp,8,0.05528240388033123,nan
prescient,sd0.5,PBMC,4,interp,9,0.05173271997967088,nan
prescient,sd0.5,PBMC,4,interp,10,0.04883570815508287,nan
prescient,sd0.5,PBMC,4,interp,11,0.04392452711331041,nan
prescient,sd0.5,PBMC,4,interp,12,0.04150969283727479,nan
prescient,sd0.5,PBMC,4,interp,13,0.050776917454596227,nan
prescient,sd0.5,PBMC,4,interp,14,0.04860943272178586,nan
prescient,sd0.5,PBMC,4,interp,15,0.07549870028658567,nan
prescient,sd0.5,PBMC,4,interp,16,0.08824849887067598,nan
prescient,sd0.5,PBMC,4,interp,17,0.06000047454549062,nan
prescient,sd0.5,PBMC,4,interp,18,0.06400195989897028,nan
prescient,sd0.5,PBMC,4,interp,19,0.05650924218180026,nan
prescient,sd0.5,PBMC,40,forecast,-1,0.06305420702766962,nan
prescient,sd0.5,PBMC,40,interp,0,0.1763203940149427,nan
prescient,sd0.5,PBMC,40,interp,1,0.10274260451026407,nan
prescient,sd0.5,PBMC,40,interp,2,0.08021556296018922,nan
prescient,sd0.5,PBMC,40,interp,3,0.07565547501014314,nan
prescient,sd0.5,PBMC,40,interp,4,0.06651523011719818,nan
prescient,sd0.5,PBMC,40,interp,5,0.09812369153053407,nan
prescient,sd0.5,PBMC,40,interp,6,0.07268982112737715,nan
prescient,sd0.5,PBMC,40,interp,7,0.04999998534729966,nan
prescient,sd0.5,PBMC,40,interp,8,0.061538718136435855,nan
prescient,sd0.5,PBMC,40,interp,9,0.0548421630229281,nan
prescient,sd0.5,PBMC,40,interp,10,0.057287255159950035,nan
prescient,sd0.5,PBMC,40,interp,11,0.04708756381858192,nan
prescient,sd0.5,PBMC,40,interp,12,0.04934697635751728,nan
prescient,sd0.5,PBMC,40,interp,13,0.05819798397870812,nan
prescient,sd0.5,PBMC,40,interp,14,0.04825929034013432,nan
prescient,sd0.5,PBMC,40,interp,15,0.08272059182682268,nan
prescient,sd0.5,PBMC,40,interp,16,0.09901007256775374,nan
prescient,sd0.5,PBMC,40,interp,17,0.07408397353400897,nan
prescient,sd0.5,PBMC,40,interp,18,0.08113151460490897,nan
prescient,sd0.5,PBMC,40,interp,19,0.07078051752918318,nan
prescient,sd0.5,PBMC,41,forecast,-1,0.06249001070125926,nan
prescient,sd0.5,PBMC,41,interp,0,0.17949127342464438,nan
prescient,sd0.5,PBMC,41,interp,1,0.11447077868839195,nan
prescient,sd0.5,PBMC,41,interp,2,0.08999899640849884,nan
prescient,sd0.5,PBMC,41,interp,3,0.0803657960772336,nan
prescient,sd0.5,PBMC,41,interp,4,0.07284018418610438,nan
prescient,sd0.5,PBMC,41,interp,5,0.10227352099752302,nan
prescient,sd0.5,PBMC,41,interp,6,0.08097764422100112,nan
prescient,sd0.5,PBMC,41,interp,7,0.059597875187287874,nan
prescient,sd0.5,PBMC,41,interp,8,0.06797680599217781,nan
prescient,sd0.5,PBMC,41,interp,9,0.06283798203257529,nan
prescient,sd0.5,PBMC,41,interp,10,0.06268727931292772,nan
prescient,sd0.5,PBMC,41,interp,11,0.0586467728573169,nan
prescient,sd0.5,PBMC,41,interp,12,0.0587256137262091,nan
prescient,sd0.5,PBMC,41,interp,13,0.06594932596050918,nan
prescient,sd0.5,PBMC,41,interp,14,0.05544233091384032,nan
prescient,sd0.5,PBMC,41,interp,15,0.08236279812717595,nan
prescient,sd0.5,PBMC,41,interp,16,0.08833895147537951,nan
prescient,sd0.5,PBMC,41,interp,17,0.0667340657998009,nan
prescient,sd0.5,PBMC,41,interp,18,0.07005236501515144,nan
prescient,sd0.5,PBMC,41,interp,19,0.06485063601225832,nan
prescient,sd0.5,PBMC,42,forecast,-1,0.05857055782550169,nan
prescient,sd0.5,PBMC,42,interp,0,0.17537434034804933,nan
prescient,sd0.5,PBMC,42,interp,1,0.10913554185412011,nan
prescient,sd0.5,PBMC,42,interp,2,0.09317066825409598,nan
prescient,sd0.5,PBMC,42,interp,3,0.06618175608119181,nan
prescient,sd0.5,PBMC,42,interp,4,0.05199160601925079,nan
prescient,sd0.5,PBMC,42,interp,5,0.06539961275169665,nan
prescient,sd0.5,PBMC,42,interp,6,0.045419834438153395,nan
prescient,sd0.5,PBMC,42,interp,7,0.03866069215509138,nan
prescient,sd0.5,PBMC,42,interp,8,0.045808705488223134,nan
prescient,sd0.5,PBMC,42,interp,9,0.045317767353151406,nan
prescient,sd0.5,PBMC,42,interp,10,0.05735763518999504,nan
prescient,sd0.5,PBMC,42,interp,11,0.0466423440835636,nan
prescient,sd0.5,PBMC,42,interp,12,0.051183051291772697,nan
prescient,sd0.5,PBMC,42,interp,13,0.05164414161522257,nan
prescient,sd0.5,PBMC,42,interp,14,0.0593700165402784,nan
prescient,sd0.5,PBMC,42,interp,15,0.05740035132544419,nan
prescient,sd0.5,PBMC,42,interp,16,0.06234842165325394,nan
prescient,sd0.5,PBMC,42,interp,17,0.051713154432243225,nan
prescient,sd0.5,PBMC,42,interp,18,0.04795968858224131,nan
prescient,sd0.5,PBMC,42,interp,19,0.06362455460376687,nan
prescient,sd0.5,PBMC,43,forecast,-1,0.059516743488490675,nan
prescient,sd0.5,PBMC,43,interp,0,0.18616764237437083,nan
prescient,sd0.5,PBMC,43,interp,1,0.10824533084174182,nan
prescient,sd0.5,PBMC,43,interp,2,0.09770887938707318,nan
prescient,sd0.5,PBMC,43,interp,3,0.0805605943385368,nan
prescient,sd0.5,PBMC,43,interp,4,0.06605173359259697,nan
prescient,sd0.5,PBMC,43,interp,5,0.0809824594226018,nan
prescient,sd0.5,PBMC,43,interp,6,0.06159994565247168,nan
prescient,sd0.5,PBMC,43,interp,7,0.04822859808892721,nan
prescient,sd0.5,PBMC,43,interp,8,0.05271810162177837,nan
prescient,sd0.5,PBMC,43,interp,9,0.049512482976390104,nan
prescient,sd0.5,PBMC,43,interp,10,0.06295957575490907,nan
prescient,sd0.5,PBMC,43,interp,11,0.058642840448677624,nan
prescient,sd0.5,PBMC,43,interp,12,0.0533468410446194,nan
prescient,sd0.5,PBMC,43,interp,13,0.054980686637991716,nan
prescient,sd0.5,PBMC,43,interp,14,0.06251199487955594,nan
prescient,sd0.5,PBMC,43,interp,15,0.0603374300331333,nan
prescient,sd0.5,PBMC,43,interp,16,0.07417814986347715,nan
prescient,sd0.5,PBMC,43,interp,17,0.0559111383191051,nan
prescient,sd0.5,PBMC,43,interp,18,0.058869425607961046,nan
prescient,sd0.5,PBMC,43,interp,19,0.06724089142812933,nan
prescient,sd0.5,PBMC,44,forecast,-1,0.06408233701536181,nan
prescient,sd0.5,PBMC,44,interp,0,0.18483654355330909,nan
prescient,sd0.5,PBMC,44,interp,1,0.11706347729924116,nan
prescient,sd0.5,PBMC,44,interp,2,0.09136890583063545,nan
prescient,sd0.5,PBMC,44,interp,3,0.0845145932174397,nan
prescient,sd0.5,PBMC,44,interp,4,0.07836170531369147,nan
prescient,sd0.5,PBMC,44,interp,5,0.10018695203494549,nan
prescient,sd0.5,PBMC,44,interp,6,0.07588512346356097,nan
prescient,sd0.5,PBMC,44,interp,7,0.05549024824683524,nan
prescient,sd0.5,PBMC,44,interp,8,0.06712969480877662,nan
prescient,sd0.5,PBMC,44,interp,9,0.06189950135946343,nan
prescient,sd0.5,PBMC,44,interp,10,0.05718820399295299,nan
prescient,sd0.5,PBMC,44,interp,11,0.05364485240382533,nan
prescient,sd0.5,PBMC,44,interp,12,0.052021249809086734,nan
prescient,sd0.5,PBMC,44,interp,13,0.05929111449259061,nan
prescient,sd0.5,PBMC,44,interp,14,0.052767995129905154,nan
prescient,sd0.5,PBMC,44,interp,15,0.07957257030487652,nan
prescient,sd0.5,PBMC,44,interp,16,0.08676196310362394,nan
prescient,sd0.5,PBMC,44,interp,17,0.06377917995853044,nan
prescient,sd0.5,PBMC,44,interp,18,0.07042619114526305,nan
prescient,sd0.5,PBMC,44,interp,19,0.0667206496529889,nan
prescient,sd0.5,PBMC,5,forecast,-1,0.054230824176889514,nan
prescient,sd0.5,PBMC,5,interp,0,0.1702621425511774,nan
prescient,sd0.5,PBMC,5,interp,1,0.10469880444263824,nan
prescient,sd0.5,PBMC,5,interp,2,0.08865885110585209,nan
prescient,sd0.5,PBMC,5,interp,3,0.07301364261140508,nan
prescient,sd0.5,PBMC,5,interp,4,0.06332800990505094,nan
prescient,sd0.5,PBMC,5,interp,5,0.07982701733920666,nan
prescient,sd0.5,PBMC,5,interp,6,0.06018525465916674,nan
prescient,sd0.5,PBMC,5,interp,7,0.04625431507084077,nan
prescient,sd0.5,PBMC,5,interp,8,0.04982997745303752,nan
prescient,sd0.5,PBMC,5,interp,9,0.048261418222868335,nan
prescient,sd0.5,PBMC,5,interp,10,0.055813745559915584,nan
prescient,sd0.5,PBMC,5,interp,11,0.05046668407102317,nan
prescient,sd0.5,PBMC,5,interp,12,0.049352951187786265,nan
prescient,sd0.5,PBMC,5,interp,13,0.05321116675363635,nan
prescient,sd0.5,PBMC,5,interp,14,0.055561336486020796,nan
prescient,sd0.5,PBMC,5,interp,15,0.061179578406971524,nan
prescient,sd0.5,PBMC,5,interp,16,0.06845168203426066,nan
prescient,sd0.5,PBMC,5,interp,17,0.051573262884749616,nan
prescient,sd0.5,PBMC,5,interp,18,0.051540133449973546,nan
prescient,sd0.5,PBMC,5,interp,19,0.06507776416863625,nan
prescient,sd0.5,ReprParam,1,forecast,-1,1.0980632681228726,2.3813051588351994
prescient,sd0.5,ReprParam,1,interp,0,0.42003564199687055,1.9653702899203194
prescient,sd0.5,ReprParam,1,interp,1,0.44350960812302465,1.0800009916334854
prescient,sd0.5,ReprParam,1,interp,2,0.4999701219270864,1.579765420438521
prescient,sd0.5,ReprParam,1,interp,3,0.6176588898070614,1.739032298585534
prescient,sd0.5,ReprParam,1,interp,4,0.5315245728143548,2.2159019724624085
prescient,sd0.5,ReprParam,1,interp,5,0.7778762911467613,2.133830782658514
prescient,sd0.5,ReprParam,1,interp,6,0.9517982240889202,2.2754272969943297
prescient,sd0.5,ReprParam,1,interp,7,0.7139917196152699,2.804542497619971
prescient,sd0.5,ReprParam,1,interp,8,0.9999386375902123,1.9912033026961966
prescient,sd0.5,ReprParam,2,forecast,-1,1.080393467941712,2.31545292593693
prescient,sd0.5,ReprParam,2,interp,0,0.42362493754094943,0.9536496012186675
prescient,sd0.5,ReprParam,2,interp,1,0.4461779049470603,1.2508357472312719
prescient,sd0.5,ReprParam,2,interp,2,0.4804433417160391,1.6103398122201809
prescient,sd0.5,ReprParam,2,interp,3,0.5761208574873405,1.8759478929553153
prescient,sd0.5,ReprParam,2,interp,4,0.5215462961841184,2.1437778724731933
prescient,sd0.5,ReprParam,2,interp,5,0.7322907862432525,2.065853249667091
prescient,sd0.5,ReprParam,2,interp,6,0.8866990511063824,2.3095241080002764
prescient,sd0.5,ReprParam,2,interp,7,0.6523587490047187,2.912219142356797
prescient,sd0.5,ReprParam,2,interp,8,0.915591361955503,1.9859009272799617
prescient,sd0.5,ReprParam,3,forecast,-1,1.0373348064563275,2.3633265265847974
prescient,sd0.5,ReprParam,3,interp,0,0.42241455492695973,1.0684761511327205
prescient,sd0.5,ReprParam,3,interp,1,0.4434522776567613,1.2536053861693532
prescient,sd0.5,ReprParam,3,interp,2,0.48390467103861406,1.62818892863497
prescient,sd0.5,ReprParam,3,interp,3,0.5961428485939559,1.806524026464612
prescient,sd0.5,ReprParam,3,interp,4,0.5341312540830561,2.138582336429537
prescient,sd0.5,ReprParam,3,interp,5,0.751925746555452,2.0927038748051516
prescient,sd0.5,ReprParam,3,interp,6,0.9092139584666881,2.310072457659797
prescient,sd0.5,ReprParam,3,interp,7,0.6584787751740162,2.87997295933172
prescient,sd0.5,ReprParam,3,interp,8,0.9421549215037817,1.9516821326964415
prescient,sd0.5,ReprParam,4,forecast,-1,1.1256289756433042,2.385742864729943
prescient,sd0.5,ReprParam,4,interp,0,0.41878517023928563,1.9891435629166023
prescient,sd0.5,ReprParam,4,interp,1,0.4437943920046355,1.1172107937100746
prescient,sd0.5,ReprParam,4,interp,2,0.49337877886878556,1.5686366237916574
prescient,sd0.5,ReprParam,4,interp,3,0.6059350826531378,1.766835419840096
prescient,sd0.5,ReprParam,4,interp,4,0.5302343969832963,2.2134335796993234
prescient,sd0.5,ReprParam,4,interp,5,0.7824206142470762,2.1227112172795093
prescient,sd0.5,ReprParam,4,interp,6,0.9896608676900334,2.2710812991602483
prescient,sd0.5,ReprParam,4,interp,7,0.7522093633455482,2.7884853475719242
prescient,sd0.5,ReprParam,4,interp,8,0.995852983262992,1.9792417838537046
prescient,sd0.5,ReprParam,40,forecast,-1,1.1210917909236884,2.358992099746251
prescient,sd0.5,ReprParam,40,interp,0,0.4214416522620939,1.9939212129570938
prescient,sd0.5,ReprParam,40,interp,1,0.4467524127552846,1.1812640311793623
prescient,sd0.5,ReprParam,40,interp,2,0.5060639508976843,1.5032713099169839
prescient,sd0.5,ReprParam,40,interp,3,0.6219905358182959,1.7680117598391436
prescient,sd0.5,ReprParam,40,interp,4,0.5634684304096509,2.214671310844197
prescient,sd0.5,ReprParam,40,interp,5,0.7825361185915665,2.107304058765513
prescient,sd0.5,ReprParam,40,interp,6,1.0089937818278718,2.2387489425359277
prescient,sd0.5,ReprParam,40,interp,7,0.7247312273139058,2.7894456713604274
prescient,sd0.5,ReprParam,40,interp,8,0.9984922390162008,2.0122435481671683
prescient,sd0.5,ReprParam,41,forecast,-1,1.0585240822059387,2.3720985876144662
prescient,sd0.5,ReprParam,41,interp,0,0.4207880160139199,1.1823752178513363
prescient,sd0.5,ReprParam,41,interp,1,0.44333338302248504,1.2240098027061204
prescient,sd0.5,ReprParam,41,interp,2,0.4776314899426735,1.6063968186311792
prescient,sd0.5,ReprParam,41,interp,3,0.6168907454172022,1.770889734302774
prescient,sd0.5,ReprParam,41,interp,4,0.5261226891935205,2.1547325516545146
prescient,sd0.5,ReprParam,41,interp,5,0.7357574350921028,2.0979706123295205
prescient,sd0.5,ReprParam,41,interp,6,0.9138411686747681,2.3018623098110105
prescient,sd0.5,ReprParam,41,interp,7,0.681680576406988,2.808085926045206
prescient,sd0.5,ReprParam,41,interp,8,0.9749991932360559,1.9420778100702378
prescient,sd0.5,ReprParam,42,forecast,-1,1.0253900770245283,2.3606834316155596
prescient,sd0.5,ReprParam,42,interp,0,0.4248908402259318,0.968187925344683
prescient,sd0.5,ReprParam,42,interp,1,0.4444966969528514,1.2763540960361026
prescient,sd0.5,ReprParam,42,interp,2,0.4909336216432929,1.6034067213733691
prescient,sd0.5,ReprParam,42,interp,3,0.591138942794494,1.8041270601613917
prescient,sd0.5,ReprParam,42,interp,4,0.5346967414166881,2.18454012836686
prescient,sd0.5,ReprParam,42,interp,5,0.7119508677704494,2.0874739804635944
prescient,sd0.5,ReprParam,42,interp,6,0.8782327126625422,2.3212954858308104
prescient,sd0.5,ReprParam,42,interp,7,0.6596724998203158,2.8670170226924667
prescient,sd0.5,ReprParam,42,interp,8,0.9119357188154107,1.960192661354496
prescient,sd0.5,ReprParam,43,forecast,-1,1.137968702447525,2.378463496875962
prescient,sd0.5,ReprParam,43,interp,0,0.419502385293842,2.0749357184259196
prescient,sd0.5,ReprParam,43,interp,1,0.44619819937451255,1.218690580668574
prescient,sd0.5,ReprParam,43,interp,2,0.5158837357203168,1.4927111665535997
prescient,sd0.5,ReprParam,43,interp,3,0.6248871045649445,1.7650943638366534
prescient,sd0.5,ReprParam,43,interp,4,0.5500769773016547,2.2607096310282033
prescient,sd0.5,ReprParam,43,interp,5,0.7947923031223172,2.0910455545293822
prescient,sd0.5,ReprParam,43,interp,6,0.9970158000864753,2.2095875043218824
prescient,sd0.5,ReprParam,43,interp,7,0.7267651481405899,2.793038465083923
prescient,sd0.5,ReprParam,43,interp,8,1.025619386766349,2.076031339880402
prescient,sd0.5,ReprParam,44,forecast,-1,1.1138043570642484,2.379502882751753
prescient,sd0.5,ReprParam,44,interp,0,0.4202710275446231,2.161831050070062
prescient,sd0.5,ReprParam,44,interp,1,0.44194100228462313,1.1706823416743408
prescient,sd0.5,ReprParam,44,interp,2,0.5096670218590078,1.5535448512071752
prescient,sd0.5,ReprParam,44,interp,3,0.6266725617564304,1.7676504786756018
prescient,sd0.5,ReprParam,44,interp,4,0.5511799099223095,2.2017849184972524
prescient,sd0.5,ReprParam,44,interp,5,0.8163358934787287,2.094253739828863
prescient,sd0.5,ReprParam,44,interp,6,0.9623399075096746,2.266306646839409
prescient,sd0.5,ReprParam,44,interp,7,0.7181357190867783,2.7710345876219904
prescient,sd0.5,ReprParam,44,interp,8,1.014606599747565,2.002477842790829
prescient,sd0.5,ReprParam,5,forecast,-1,1.086996127315614,2.4139144754721893
prescient,sd0.5,ReprParam,5,interp,0,0.4211832258324395,1.9457797739707468
prescient,sd0.5,ReprParam,5,interp,1,0.44095025691789447,1.0904904742233916
prescient,sd0.5,ReprParam,5,interp,2,0.4931643431088003,1.583488141956619
prescient,sd0.5,ReprParam,5,interp,3,0.6080144196479611,1.746644992517784
prescient,sd0.5,ReprParam,5,interp,4,0.5488673874629912,2.1713720286487943
prescient,sd0.5,ReprParam,5,interp,5,0.7749235387127885,2.13633204844935
prescient,sd0.5,ReprParam,5,interp,6,0.9557233349021996,2.314382298622195
prescient,sd0.5,ReprParam,5,interp,7,0.6669531388006902,2.7655132241546703
prescient,sd0.5,ReprParam,5,interp,8,0.9857666460556935,1.9642370261833602
prescient,sd0.5,ReprProtein,1,forecast,-1,0.7034569794514999,3.434799497068282
prescient,sd0.5,ReprProtein,1,interp,0,0.4266906111640158,3.3046252220059222
prescient,sd0.5,ReprProtein,1,interp,1,0.42158466034243125,1.0617183767044358
prescient,sd0.5,ReprProtein,1,interp,2,0.42247908732393874,1.8532108065506565
prescient,sd0.5,ReprProtein,1,interp,3,0.43583234352239975,2.2826209070453247
prescient,sd0.5,ReprProtein,1,interp,4,0.46832222798721107,2.300928727366736
prescient,sd0.5,ReprProtein,1,interp,5,0.48070381432499987,2.7318155995939364
prescient,sd0.5,ReprProtein,1,interp,6,0.48325908784042393,2.469153949276669
prescient,sd0.5,ReprProtein,1,interp,7,0.39649873293741633,1.4658604897214313
prescient,sd0.5,ReprProtein,1,interp,8,0.4479736969132777,3.0790413667987746
prescient,sd0.5,ReprProtein,2,forecast,-1,0.6959109633644214,3.5490739023946354
prescient,sd0.5,ReprProtein,2,interp,0,0.42995827215856325,3.3010957551581277
prescient,sd0.5,ReprProtein,2,interp,1,0.4225368127124791,0.9868366240961974
prescient,sd0.5,ReprProtein,2,interp,2,0.42118638341122894,1.836308429727185
prescient,sd0.5,ReprProtein,2,interp,3,0.43309513285440027,2.2405398810546813
prescient,sd0.5,ReprProtein,2,interp,4,0.4639904948333869,2.3109837136309346
prescient,sd0.5,ReprProtein,2,interp,5,0.46912981120728914,2.81152745853767
prescient,sd0.5,ReprProtein,2,interp,6,0.49779309064022437,2.5723898767268225
prescient,sd0.5,ReprProtein,2,interp,7,0.428214398686316,1.6965214616951276
prescient,sd0.5,ReprProtein,2,interp,8,0.461748523399802,3.2011661243349594
prescient,sd0.5,ReprProtein,3,forecast,-1,0.6400306516105606,3.5773522147110373
prescient,sd0.5,ReprProtein,3,interp,0,0.43088268203636526,3.294356563344576
prescient,sd0.5,ReprProtein,3,interp,1,0.42160943033206727,0.9871352096283956
prescient,sd0.5,ReprProtein,3,interp,2,0.423594120213954,1.6787954286184337
prescient,sd0.5,ReprProtein,3,interp,3,0.4423493420981206,2.093980036886086
prescient,sd0.5,ReprProtein,3,interp,4,0.4782522706126808,2.1146363844962015
prescient,sd0.5,ReprProtein,3,interp,5,0.48134484635345304,2.641974724324834
prescient,sd0.5,ReprProtein,3,interp,6,0.5053332800006934,2.4679863989877284
prescient,sd0.5,ReprProtein,3,interp,7,0.43182427029632875,1.7843154070855527
prescient,sd0.5,ReprProtein,3,interp,8,0.44156256387512155,3.4731511189321638
prescient,sd0.5,ReprProtein,4,forecast,-1,0.6894012989962802,3.611017588611206
prescient,sd0.5,ReprProtein,4,interp,0,0.4289191669895102,3.298918164549877
prescient,sd0.5,ReprProtein,4,interp,1,0.42151181527553583,1.0357360876895076
prescient,sd0.5,ReprProtein,4,interp,2,0.42383108027695826,1.762577978577921
prescient,sd0.5,ReprProtein,4,interp,3,0.43839299215623934,2.1707384046363147
prescient,sd0.5,ReprProtein,4,interp,4,0.463555209975841,2.1670665214533287
prescient,sd0.5,ReprProtein,4,interp,5,0.4801256646809407,2.523354570841181
prescient,sd0.5,ReprProtein,4,interp,6,0.47898446337149786,2.316177266821057
prescient,sd0.5,ReprProtein,4,interp,7,0.38625509601662383,1.6747725128338833
prescient,sd0.5,ReprProtein,4,interp,8,0.4461716898642354,3.42596988681315
prescient,sd0.5,ReprProtein,40,forecast,-1,0.6908670637822649,3.552099443437989
prescient,sd0.5,ReprProtein,40,interp,0,0.430266005604979,3.3173280614005067
prescient,sd0.5,ReprProtein,40,interp,1,0.42021443311097645,1.0127889676041597
prescient,sd0.5,ReprProtein,40,interp,2,0.42208185716228586,1.7977577012592854
prescient,sd0.5,ReprProtein,40,interp,3,0.43858125515697993,2.1679135704776056
prescient,sd0.5,ReprProtein,40,interp,4,0.47213958625735375,2.1299338456227375
prescient,sd0.5,ReprProtein,40,interp,5,0.47995406729136114,2.6089993036518453
prescient,sd0.5,ReprProtein,40,interp,6,0.4969577955865935,2.4030176383185706
prescient,sd0.5,ReprProtein,40,interp,7,0.39962234714943223,1.5700464062405093
prescient,sd0.5,ReprProtein,40,interp,8,0.45715368715420546,3.268154042181007
prescient,sd0.5,ReprProtein,41,forecast,-1,0.6594020307899083,3.821973464004316
prescient,sd0.5,ReprProtein,41,interp,0,0.42893733207976975,3.2993592506878193
prescient,sd0.5,ReprProtein,41,interp,1,0.42160463148086647,0.9004145654805533
prescient,sd0.5,ReprProtein,41,interp,2,0.42330177936643554,1.5276555607697504
prescient,sd0.5,ReprProtein,41,interp,3,0.4495959850227202,1.86858519484021
prescient,sd0.5,ReprProtein,41,interp,4,0.47762482580684,1.8300847092129577
prescient,sd0.5,ReprProtein,41,interp,5,0.48545264647200526,2.2778009991926367
prescient,sd0.5,ReprProtein,41,interp,6,0.49765384896769904,2.1560885161666445
prescient,sd0.5,ReprProtein,41,interp,7,0.44176488239746736,2.00675453830056
prescient,sd0.5,ReprProtein,41,interp,8,0.4560107539426157,3.9511090539242195
prescient,sd0.5,ReprProtein,42,forecast,-1,0.6791221995341871,3.539908658691564
prescient,sd0.5,ReprProtein,42,interp,0,0.4303282736387674,3.2706745445559378
prescient,sd0.5,ReprProtein,42,interp,1,0.42033702566897513,1.0099862427268145
prescient,sd0.5,ReprProtein,42,interp,2,0.42184105666040234,1.8669074446205118
prescient,sd0.5,ReprProtein,42,interp,3,0.43471340308257544,2.331089076633612
prescient,sd0.5,ReprProtein,42,interp,4,0.4677531987645771,2.3917722078842703
prescient,sd0.5,ReprProtein,42,interp,5,0.4688874752985142,2.786849584994485
prescient,sd0.5,ReprProtein,42,interp,6,0.5032460820042335,2.532509839438137
prescient,sd0.5,ReprProtein,42,interp,7,0.4242039628185734,1.6225599745224522
prescient,sd0.5,ReprProtein,42,interp,8,0.45648171591744985,3.202014801612084
prescient,sd0.5,ReprProtein,43,forecast,-1,0.6694381940306937,3.7415358419115283
prescient,sd0.5,ReprProtein,43,interp,0,0.42778923544123904,3.259128953659506
prescient,sd0.5,ReprProtein,43,interp,1,0.4197985027487699,0.9889996987698655
prescient,sd0.5,ReprProtein,43,interp,2,0.4234860163066475,1.7173436506464683
prescient,sd0.5,ReprProtein,43,interp,3,0.43794121280989046,2.0712416569662286
prescient,sd0.5,ReprProtein,43,interp,4,0.47793261064292336,1.945741135785579
prescient,sd0.5,ReprProtein,43,interp,5,0.4809289707087759,2.336348592492421
prescient,sd0.5,ReprProtein,43,interp,6,0.49358757804140574,2.06542872278549
prescient,sd0.5,ReprProtein,43,interp,7,0.41099753314867643,1.7241808565275016
prescient,sd0.5,ReprProtein,43,interp,8,0.4563735000004176,3.6897902362156163
prescient,sd0.5,ReprProtein,44,forecast,-1,0.6830267049482652,3.577846563500392
prescient,sd0.5,ReprProtein,44,interp,0,0.4327465175522883,3.2963880389721676
prescient,sd0.5,ReprProtein,44,interp,1,0.4197553641522121,1.040293631512421
prescient,sd0.5,ReprProtein,44,interp,2,0.423741772854398,1.7369014635671793
prescient,sd0.5,ReprProtein,44,interp,3,0.4403342155564363,2.0537908968435583
prescient,sd0.5,ReprProtein,44,interp,4,0.4682701331510699,1.9777880986796663
prescient,sd0.5,ReprProtein,44,interp,5,0.4839692983334698,2.311843540492029
prescient,sd0.5,ReprProtein,44,interp,6,0.4906092554073771,2.1457260435691174
prescient,sd0.5,ReprProtein,44,interp,7,0.3918594707308058,1.6366542711447836
prescient,sd0.5,ReprProtein,44,interp,8,0.4469999971742427,3.4308236460208597
prescient,sd0.5,ReprProtein,5,forecast,-1,0.6678962019315393,3.529080929877634
prescient,sd0.5,ReprProtein,5,interp,0,0.42821523270866757,3.3188251880414392
prescient,sd0.5,ReprProtein,5,interp,1,0.4196240681107686,1.0232929764223808
prescient,sd0.5,ReprProtein,5,interp,2,0.4215454967852821,1.7886761765550325
prescient,sd0.5,ReprProtein,5,interp,3,0.4381864638845575,2.1223973771951585
prescient,sd0.5,ReprProtein,5,interp,4,0.47064942627030387,2.066505620296015
prescient,sd0.5,ReprProtein,5,interp,5,0.47675923802091363,2.534829774535413
prescient,sd0.5,ReprProtein,5,interp,6,0.4831266270669634,2.3796705636276
prescient,sd0.5,ReprProtein,5,interp,7,0.41435549055179716,1.6633103201669552
prescient,sd0.5,ReprProtein,5,interp,8,0.4347995097695985,3.291767817318016
scnode,default,GoM,1,forecast,-1,1.4182967528078558,0.9544254353542186
scnode,default,GoM,1,interp,0,1.2393031683899867,0.6522745141926223
scnode,default,GoM,1,interp,1,1.2283047669427027,0.6028549524800374
scnode,default,GoM,1,interp,2,1.1543399659032378,0.6662533896249588
scnode,default,GoM,1,interp,3,0.9145942117614196,0.8205857094411287
scnode,default,GoM,1,interp,4,0.6102425126020018,0.9551445413076337
scnode,default,GoM,1,interp,5,0.7797104261438959,0.8128901617892133
scnode,default,GoM,1,interp,6,1.260168026037106,0.4199939902438676
scnode,default,GoM,1,interp,7,1.4178755768896099,0.3862315376897087
scnode,default,GoM,1,interp,8,1.4240842266527787,0.6711670046634266
scnode,default,GoM,2,forecast,-1,1.1907794912337732,1.0592548357298521
scnode,default,GoM,2,interp,0,0.7454380804889527,0.7116282072458819
scnode,default,GoM,2,interp,1,0.7975642172163843,0.8974454794196975
scnode,default,GoM,2,interp,2,0.8785134768206078,1.011671765555028
scnode,default,GoM,2,interp,3,0.9747852792285541,0.9702343070241827
scnode,default,GoM,2,interp,4,0.8816136596695724,0.9452144902029662
scnode,default,GoM,2,interp,5,0.9302126482413726,0.925159434918651
scnode,default,GoM,2,interp,6,1.0298433556870927,0.781595715376846
scnode,default,GoM,2,interp,7,1.1717350378921467,0.7554151775819106
scnode,default,GoM,2,interp,8,1.152826201815556,0.8721170490826236
scnode,default,GoM,3,forecast,-1,1.2372359462180527,1.0509801725053087
scnode,default,GoM,3,interp,0,0.7391182177865044,0.6984308630111565
scnode,default,GoM,3,interp,1,0.803117696574432,0.8873175131517879
scnode,default,GoM,3,interp,2,0.9028016024967853,1.0103061481883455
scnode,default,GoM,3,interp,3,1.015762556665684,0.9777996267450711
scnode,default,GoM,3,interp,4,0.907751438801619,0.9557270388149522
scnode,default,GoM,3,interp,5,0.964546394559616,0.9348353422324713
scnode,default,GoM,3,interp,6,1.0770806141838698,0.7894897740140752
scnode,default,GoM,3,interp,7,1.2202557750244956,0.757592318390128
scnode,default,GoM,3,interp,8,1.202254356624429,0.8682356869899748
scnode,default,GoM,4,forecast,-1,1.1819539733786197,1.0520169540115007
scnode,default,GoM,4,interp,0,0.7663894587468856,0.7007107389300593
scnode,default,GoM,4,interp,1,0.8126262938830243,0.8877619565927601
scnode,default,GoM,4,interp,2,0.8852332606229938,1.0062606238472498
scnode,default,GoM,4,interp,3,0.9739629701919235,0.9722405065515923
scnode,default,GoM,4,interp,4,0.887527885909962,0.9546175618284138
scnode,default,GoM,4,interp,5,0.9325056979211563,0.938086854146789
scnode,default,GoM,4,interp,6,1.0255876569078657,0.7921036639081132
scnode,default,GoM,4,interp,7,1.1631133159613616,0.758769447376259
scnode,default,GoM,4,interp,8,1.144456733727636,0.8690482281737699
scnode,default,GoM,40,forecast,-1,1.2022437706204236,1.052181746020716
scnode,default,GoM,40,interp,0,0.7805095212892106,0.7036847809764554
scnode,default,GoM,40,interp,1,0.8287372654469283,0.8909740241845595
scnode,default,GoM,40,interp,2,0.9043669514794286,1.0091252060501008
scnode,default,GoM,40,interp,3,0.9957123539412824,0.9723038945181967
scnode,default,GoM,40,interp,4,0.9069584118069365,0.9514055276290688
scnode,default,GoM,40,interp,5,0.953239867385699,0.9338157362727778
scnode,default,GoM,40,interp,6,1.048152107086524,0.7890346125146658
scnode,default,GoM,40,interp,7,1.1843425256593059,0.7578450808032757
scnode,default,GoM,40,interp,8,1.1661533092546346,0.8694320863667144
scnode,default,GoM,41,forecast,-1,1.2221568887924792,1.0574445366118064
scnode,default,GoM,41,interp,0,0.8084426441263942,0.7057019883290722
scnode,default,GoM,41,interp,1,0.8578875315375406,0.8928215778272691
scnode,default,GoM,41,interp,2,0.9342744759087931,1.0105964641476881
scnode,default,GoM,41,interp,3,1.0246670866436858,0.9742803493563889
scnode,default,GoM,41,interp,4,0.9368566448498482,0.9520597513822511
scnode,default,GoM,41,interp,5,0.9828530569185872,0.9308478364641762
scnode,default,GoM,41,interp,6,1.0756529400220018,0.7848530357372355
scnode,default,GoM,41,interp,7,1.2058979018689082,0.7551054714679205
scnode,default,GoM,41,interp,8,1.1886712008496048,0.8696036417637284
scnode,default,GoM,42,forecast,-1,1.224292697344197,1.0579271963448202
scnode,default,GoM,42,interp,0,0.813792027915266,0.7074571290533761
scnode,default,GoM,42,interp,1,0.8631501667360617,0.8938584451070256
scnode,default,GoM,42,interp,2,0.9392665078120999,1.0099925002146213
scnode,default,GoM,42,interp,3,1.0291195121585646,0.9717988766718162
scnode,default,GoM,42,interp,4,0.9418094690500499,0.9492867516869284
scnode,default,GoM,42,interp,5,0.9875838004624917,0.9297004003703645
scnode,default,GoM,42,interp,6,1.079630135074349,0.7850719648794029
scnode,default,GoM,42,interp,7,1.2083730811899516,0.756606064209918
scnode,default,GoM,42,interp,8,1.191358966712195,0.8712174630183018
scnode,default,GoM,43,forecast,-1,1.2230987623618175,1.0619557260174584
scnode,default,GoM,43,interp,0,0.7297129610319748,0.7063837308489642
scnode,default,GoM,43,interp,1,0.7912314381573446,0.8915673480670917
scnode,default,GoM,43,interp,2,0.887414057893847,1.008882492946079
scnode,default,GoM,43,interp,3,0.9980435136682886,0.9720850735329112
scnode,default,GoM,43,interp,4,0.8920548172854061,0.9477170663767641
scnode,default,GoM,43,interp,5,0.9476048966138302,0.9272583220316957
scnode,default,GoM,43,interp,6,1.059085846254178,0.7854886912557275
scnode,default,GoM,43,interp,7,1.2050340121861836,0.7599483640604927
scnode,default,GoM,43,interp,8,1.186429330076026,0.8754816533230043
scnode,default,GoM,44,forecast,-1,1.2264867208212151,1.0552137197209055
scnode,default,GoM,44,interp,0,0.8091256380591844,0.7119580897354859
scnode,default,GoM,44,interp,1,0.8595472241697087,0.900584498831142
scnode,default,GoM,44,interp,2,0.9372681453522,1.016535629355124
scnode,default,GoM,44,interp,3,1.0287903527448539,0.9741825745624153
scnode,default,GoM,44,interp,4,0.9399762543424888,0.9463036399332493
scnode,default,GoM,44,interp,5,0.986527313494844,0.9248520771820514
scnode,default,GoM,44,interp,6,1.0801970173388662,0.7793975234566514
scnode,default,GoM,44,interp,7,1.2104222221088063,0.7523049706775549
scnode,default,GoM,44,interp,8,1.1932844570651242,0.8687764833282114
scnode,default,GoM,5,forecast,-1,1.3085910685679765,1.0535871616575472
scnode,default,GoM,5,interp,0,0.9333683755388897,0.7025886801633777
scnode,default,GoM,5,interp,1,0.990261555103161,0.8933174818494769
scnode,default,GoM,5,interp,2,1.071701739618604,1.0173217190685462
scnode,default,GoM,5,interp,3,1.1576403218309728,0.9832138988245248
scnode,default,GoM,5,interp,4,1.074321775419837,0.9546498927372378
scnode,default,GoM,5,interp,5,1.1191421856109087,0.9296747635045557
scnode,default,GoM,5,interp,6,1.2009576676066747,0.7841423806535016
scnode,default,GoM,5,interp,7,1.3004269093183118,0.7562897106990327
scnode,default,GoM,5,interp,8,1.2880309250522608,0.8697203669209007
scnode,default,LV,1,forecast,-1,1.2535864040690206,2.7784249359496416
scnode,default,LV,1,interp,0,0.6024266414767512,1.6766544411137512
scnode,default,LV,1,interp,1,0.6469177283619151,2.157974310735151
scnode,default,LV,1,interp,2,0.659264266773705,2.3970140858002837
scnode,default,LV,1,interp,3,0.6670189518298901,2.381352034226141
scnode,default,LV,1,interp,4,0.7475499199002472,2.155723014051292
scnode,default,LV,1,interp,5,0.8446535315278254,1.5958778354551544
scnode,default,LV,1,interp,6,1.0014248273347068,1.1029381128626603
scnode,default,LV,1,interp,7,1.1216593148712748,2.516644235118419
scnode,default,LV,1,interp,8,1.168093532145611,4.408742272405921
scnode,default,LV,2,forecast,-1,0.9099048150258493,3.2056997859541747
scnode,default,LV,2,interp,0,1.3639312300221405,1.623525505085824
scnode,default,LV,2,interp,1,1.3599200822066653,1.2920511635275498
scnode,default,LV,2,interp,2,1.3324180492700193,1.477797930539597
scnode,default,LV,2,interp,3,1.2472042192596848,1.605969877776075
scnode,default,LV,2,interp,4,1.131089276101657,1.6190089309953415
scnode,default,LV,2,interp,5,0.9931814447531685,1.4043778719749087
scnode,default,LV,2,interp,6,0.9029128488573153,1.0704148748669966
scnode,default,LV,2,interp,7,0.8077090098354731,1.3536676163334602
scnode,default,LV,2,interp,8,0.8223770203001486,1.9608770348298046
scnode,default,LV,3,forecast,-1,0.7997449421109413,2.3992375721181776
scnode,default,LV,3,interp,0,0.6125469979363716,0.7475570602959685
scnode,default,LV,3,interp,1,0.6942627988225294,1.3414732516137826
scnode,default,LV,3,interp,2,0.7339141002905795,1.7415848446100082
scnode,default,LV,3,interp,3,0.770667913068698,1.7232489281905463
scnode,default,LV,3,interp,4,0.8969604843687986,1.4160951453801243
scnode,default,LV,3,interp,5,0.8852908215485207,0.8285726462840951
scnode,default,LV,3,interp,6,0.8442556103996249,0.6339369964902433
scnode,default,LV,3,interp,7,0.8872451424517391,1.7926454628074553
scnode,default,LV,3,interp,8,0.8409669004963718,2.6429440025981816
scnode,default,LV,4,forecast,-1,1.3107153582238447,2.876820546682968
scnode,default,LV,4,interp,0,0.8512966251184604,1.459496110243984
scnode,default,LV,4,interp,1,0.8047757309913157,2.1492504099186065
scnode,default,LV,4,interp,2,0.7873364868901929,2.3567974108389538
scnode,default,LV,4,interp,3,0.7874788216479868,2.3169725582860714
scnode,default,LV,4,interp,4,0.8731159156156576,2.0798849668729518
scnode,default,LV,4,interp,5,0.9723471127320524,1.5132638913514236
scnode,default,LV,4,interp,6,1.1179616050833756,1.0662979849742988
scnode,default,LV,4,interp,7,1.2158313180276799,2.5613566854135774
scnode,default,LV,4,interp,8,1.2494551304263222,4.472409118954171
scnode,default,LV,40,forecast,-1,1.0066201530614864,3.0262107232297457
scnode,default,LV,40,interp,0,0.8605730019558008,1.7139933118352444
scnode,default,LV,40,interp,1,0.9069559874267982,1.0394695820085365
scnode,default,LV,40,interp,2,0.881997816816678,1.2220476589759846
scnode,default,LV,40,interp,3,0.8243081558929732,1.4378701462574635
scnode,default,LV,40,interp,4,0.803533537045179,1.5278349311294595
scnode,default,LV,40,interp,5,0.7174506299539957,1.3992609210849014
scnode,default,LV,40,interp,6,0.678698512822043,1.076317473885844
scnode,default,LV,40,interp,7,0.47772401782096535,0.9822580168003017
scnode,default,LV,40,interp,8,0.6983153955993091,1.582141207674914
scnode,default,LV,41,forecast,-1,1.2778361534755647,2.7896555482042973
scnode,default,LV,41,interp,0,0.6002715312401391,1.6690900687394716
scnode,default,LV,41,interp,1,0.6511301600084936,2.143425027806415
scnode,default,LV,41,interp,2,0.6652635267690165,2.38232175563238
scnode,default,LV,41,interp,3,0.6740404738856758,2.3677198612904227
scnode,default,LV,41,interp,4,0.7659218076197384,2.1440488115961625
scnode,default,LV,41,interp,5,0.8741654136369008,1.5881018304396155
scnode,default,LV,41,interp,6,1.039618196192221,1.110629071143798
scnode,default,LV,41,interp,7,1.1575266249194813,2.5316053557259965
scnode,default,LV,41,interp,8,1.2005677165001754,4.4221352652482215
scnode,default,LV,42,forecast,-1,1.272058723675464,2.7956488476720462
scnode,default,LV,42,interp,0,0.6653678218455543,1.6756329405904984
scnode,default,LV,42,interp,1,0.7085974045980555,2.1452917085826235
scnode,default,LV,42,interp,2,0.7205602165481535,2.381574409430195
scnode,default,LV,42,interp,3,0.728090574076846,2.365266591873989
scnode,default,LV,42,interp,4,0.8057831919200718,2.1401478975885557
scnode,default,LV,42,interp,5,0.8986022737185803,1.583062454657508
scnode,default,LV,42,interp,6,1.045501900955193,1.1063586637448413
scnode,default,LV,42,interp,7,1.1547198799395293,2.532884604387243
scnode,default,LV,42,interp,8,1.1958121288641361,4.426325036930941
scnode,default,LV,43,forecast,-1,1.2682057293419398,2.7885378788855277
scnode,default,LV,43,interp,0,0.5827609538395255,1.6672832285373547
scnode,default,LV,43,interp,1,0.6310343148329514,2.1420769732107368
scnode,default,LV,43,interp,2,0.6446578163879031,2.3816314508582033
scnode,default,LV,43,interp,3,0.6531747528270756,2.3677222746279876
scnode,default,LV,43,interp,4,0.7433963414934392,2.1444752607451383
scnode,default,LV,43,interp,5,0.8519076807034378,1.589359344166518
scnode,default,LV,43,interp,6,1.0204074764007505,1.1129604213463073
scnode,default,LV,43,interp,7,1.1421552867631295,2.5326210201661548
scnode,default,LV,43,interp,8,1.1871779872137949,4.422571595438379
scnode,default,LV,44,forecast,-1,1.3248283852188076,2.7680567660770667
scnode,default,LV,44,interp,0,0.7298259457072095,1.6453648988560527
scnode,default,LV,44,interp,1,0.7832167715584413,2.153099089915269
scnode,default,LV,44,interp,2,0.7976120164459591,2.4057837397836845
scnode,default,LV,44,interp,3,0.8064776445214741,2.3990328784254915
scnode,default,LV,44,interp,4,0.8969249037319988,2.1815254879435297
scnode,default,LV,44,interp,5,0.9987174025967596,1.6314229964807885
scnode,default,LV,44,interp,6,1.1441411198018594,1.1441854698368823
scnode,default,LV,44,interp,7,1.2379885872419634,2.5229930269910117
scnode,default,LV,44,interp,8,1.2690475316120815,4.402002194007892
scnode,default,LV,5,forecast,-1,1.2548160877431416,2.8439381881942998
scnode,default,LV,5,interp,0,0.5811308541673162,1.6696729335049763
scnode,default,LV,5,interp,1,0.6267349895875441,2.095120484551172
scnode,default,LV,5,interp,2,0.639554770620445,2.3222432918716556
scnode,default,LV,5,interp,3,0.647601842718324,2.305116062384239
scnode,default,LV,5,interp,4,0.7321436418742004,2.082873764233816
scnode,default,LV,5,interp,5,0.834332421892529,1.5355817461139436
scnode,default,LV,5,interp,6,0.9977151062528393,1.1159956578525823
scnode,default,LV,5,interp,7,1.1213139579927107,2.5870790946906146
scnode,default,LV,5,interp,8,1.1685896564260223,4.484095401924341
scnode,default,PBMC,1,forecast,-1,0.049194429356176794,nan
scnode,default,PBMC,1,interp,0,0.21280528718493014,nan
scnode,default,PBMC,1,interp,1,0.10404045677501772,nan
scnode,default,PBMC,1,interp,2,0.06453942109057109,nan
scnode,default,PBMC,1,interp,3,0.05727326747806927,nan
scnode,default,PBMC,1,interp,4,0.05491417990777092,nan
scnode,default,PBMC,1,interp,5,0.0756785217221595,nan
scnode,default,PBMC,1,interp,6,0.06259618833331815,nan
scnode,default,PBMC,1,interp,7,0.040367108816402375,nan
scnode,default,PBMC,1,interp,8,0.0464713199773239,nan
scnode,default,PBMC,1,interp,9,0.041114206487088856,nan
scnode,default,PBMC,1,interp,10,0.03473619691070684,nan
scnode,default,PBMC,1,interp,11,0.03282455816607244,nan
scnode,default,PBMC,1,interp,12,0.03509723746852711,nan
scnode,default,PBMC,1,interp,13,0.04649663121888192,nan
scnode,default,PBMC,1,interp,14,0.03421887744563423,nan
scnode,default,PBMC,1,interp,15,0.06793951025300227,nan
scnode,default,PBMC,1,interp,16,0.07627559477319479,nan
scnode,default,PBMC,1,interp,17,0.05441636193067456,nan
scnode,default,PBMC,1,interp,18,0.06200378536608275,nan
scnode,default,PBMC,1,interp,19,0.04998496046958001,nan
scnode,default,PBMC,2,forecast,-1,0.04341984361293716,nan
scnode,default,PBMC,2,interp,0,0.19311077450147646,nan
scnode,default,PBMC,2,interp,1,0.09161163601286038,nan
scnode,default,PBMC,2,interp,2,0.054033736132693466,nan
scnode,default,PBMC,2,interp,3,0.05024631806659996,nan
scnode,default,PBMC,2,interp,4,0.04997459733421972,nan
scnode,default,PBMC,2,interp,5,0.07161325192534795,nan
scnode,default,PBMC,2,interp,6,0.05825904300649409,nan
scnode,default,PBMC,2,interp,7,0.03601797369335191,nan
scnode,default,PBMC,2,interp,8,0.04247035760837736,nan
scnode,default,PBMC,2,interp,9,0.03664174296746847,nan
scnode,default,PBMC,2,interp,10,0.029941923680937843,nan
scnode,default,PBMC,2,interp,11,0.028140951974479966,nan
scnode,default,PBMC,2,interp,12,0.029896548766418007,nan
scnode,default,PBMC,2,interp,13,0.04092396797910558,nan
scnode,default,PBMC,2,interp,14,0.029696493147227998,nan
scnode,default,PBMC,2,interp,15,0.0616551166131315,nan
scnode,default,PBMC,2,interp,16,0.06950495821466685,nan
scnode,default,PBMC,2,interp,17,0.04804015539893747,nan
scnode,default,PBMC,2,interp,18,0.05580113097933104,nan
scnode,default,PBMC,2,interp,19,0.04300980712814417,nan
scnode,default,PBMC,3,forecast,-1,0.05088607715456728,nan
scnode,default,PBMC,3,interp,0,0.21725143355114102,nan
scnode,default,PBMC,3,interp,1,0.11241176832092092,nan
scnode,default,PBMC,3,interp,2,0.07143251483122037,nan
scnode,default,PBMC,3,interp,3,0.06348458223251086,nan
scnode,default,PBMC,3,interp,4,0.06172294876223783,nan
scnode,default,PBMC,3,interp,5,0.08468965193414035,nan
scnode,default,PBMC,3,interp,6,0.06829709469900114,nan
scnode,default,PBMC,3,interp,7,0.04407478482279181,nan
scnode,default,PBMC,3,interp,8,0.053086369903911135,nan
scnode,default,PBMC,3,interp,9,0.046720059491109245,nan
scnode,default,PBMC,3,interp,10,0.03818152096449545,nan
scnode,default,PBMC,3,interp,11,0.035736113833695016,nan
scnode,default,PBMC,3,interp,12,0.038232179012483325,nan
scnode,default,PBMC,3,interp,13,0.048872754774866856,nan
scnode,default,PBMC,3,interp,14,0.03597222894450758,nan
scnode,default,PBMC,3,interp,15,0.07469206263843531,nan
scnode,default,PBMC,3,interp,16,0.0819192502401761,nan
scnode,default,PBMC,3,interp,17,0.059068492198061984,nan
scnode,default,PBMC,3,interp,18,0.06557096453358502,nan
scnode,default,PBMC,3,interp,19,0.05314319909204013,nan
scnode,default,PBMC,4,forecast,-1,0.05052202278272688,nan
scnode,default,PBMC,4,interp,0,0.21042884728169503,nan
scnode,default,PBMC,4,interp,1,0.10192615542889705,nan
scnode,default,PBMC,4,interp,2,0.05981136951751487,nan
scnode,default,PBMC,4,interp,3,0.05353011932195795,nan
scnode,default,PBMC,4,interp,4,0.05161321707526956,nan
scnode,default,PBMC,4,interp,5,0.073035955283965,nan
scnode,default,PBMC,4,interp,6,0.05998607843824966,nan
scnode,default,PBMC,4,interp,7,0.037272908540315064,nan
scnode,default,PBMC,4,interp,8,0.045615161515129676,nan
scnode,default,PBMC,4,interp,9,0.03949776342698086,nan
scnode,default,PBMC,4,interp,10,0.033748625944081345,nan
scnode,default,PBMC,4,interp,11,0.031866278822822114,nan
scnode,default,PBMC,4,interp,12,0.03495286080149729,nan
scnode,default,PBMC,4,interp,13,0.04655204087505871,nan
scnode,default,PBMC,4,interp,14,0.03438981195410262,nan
scnode,default,PBMC,4,interp,15,0.0707845244220654,nan
scnode,default,PBMC,4,interp,16,0.07901663394027092,nan
scnode,default,PBMC,4,interp,17,0.05601900529105319,nan
scnode,default,PBMC,4,interp,18,0.06431494918202951,nan
scnode,default,PBMC,4,interp,19,0.049678711149427235,nan
scnode,default,PBMC,40,forecast,-1,0.04832400740354592,nan
scnode,default,PBMC,40,interp,0,0.2084687691687213,nan
scnode,default,PBMC,40,interp,1,0.09816102046788366,nan
scnode,default,PBMC,40,interp,2,0.05683007737348589,nan
scnode,default,PBMC,40,interp,3,0.05004688177310046,nan
scnode,default,PBMC,40,interp,4,0.04860007377343423,nan
scnode,default,PBMC,40,interp,5,0.06777367066225681,nan
scnode,default,PBMC,40,interp,6,0.05647765013371364,nan
scnode,default,PBMC,40,interp,7,0.03493346016593668,nan
scnode,default,PBMC,40,interp,8,0.0407136946945269,nan
scnode,default,PBMC,40,interp,9,0.036164718767665915,nan
scnode,default,PBMC,40,interp,10,0.02901861149263829,nan
scnode,default,PBMC,40,interp,11,0.0281753027819982,nan
scnode,default,PBMC,40,interp,12,0.030088354750689494,nan
scnode,default,PBMC,40,interp,13,0.042364967385982166,nan
scnode,default,PBMC,40,interp,14,0.03199832995467955,nan
scnode,default,PBMC,40,interp,15,0.06531399442182284,nan
scnode,default,PBMC,40,interp,16,0.07356813182356414,nan
scnode,default,PBMC,40,interp,17,0.051797607357228714,nan
scnode,default,PBMC,40,interp,18,0.059812282107577164,nan
scnode,default,PBMC,40,interp,19,0.04678803345334415,nan
scnode,default,PBMC,41,forecast,-1,0.05452223248032184,nan
scnode,default,PBMC,41,interp,0,0.21263806323053597,nan
scnode,default,PBMC,41,interp,1,0.10345666029710887,nan
scnode,default,PBMC,41,interp,2,0.06412464951443975,nan
scnode,default,PBMC,41,interp,3,0.05640213502461833,nan
scnode,default,PBMC,41,interp,4,0.053584848620045755,nan
scnode,default,PBMC,41,interp,5,0.07435620238956764,nan
scnode,default,PBMC,41,interp,6,0.06199081078942259,nan
scnode,default,PBMC,41,interp,7,0.040227405703821884,nan
scnode,default,PBMC,41,interp,8,0.04711756836311698,nan
scnode,default,PBMC,41,interp,9,0.04202922767437145,nan
scnode,default,PBMC,41,interp,10,0.0372029806618811,nan
scnode,default,PBMC,41,interp,11,0.03507099947450476,nan
scnode,default,PBMC,41,interp,12,0.03847818208293752,nan
scnode,default,PBMC,41,interp,13,0.04964117636723486,nan
scnode,default,PBMC,41,interp,14,0.0382077018548137,nan
scnode,default,PBMC,41,interp,15,0.07357069115605053,nan
scnode,default,PBMC,41,interp,16,0.08225064396818682,nan
scnode,default,PBMC,41,interp,17,0.05967806455883318,nan
scnode,default,PBMC,41,interp,18,0.06752747457799446,nan
scnode,default,PBMC,41,interp,19,0.054560355500377744,nan
scnode,default,PBMC,42,forecast,-1,0.05151004157250094,nan
scnode,default,PBMC,42,interp,0,0.2055492624620921,nan
scnode,default,PBMC,42,interp,1,0.10233036922219585,nan
scnode,default,PBMC,42,interp,2,0.061562670026011235,nan
scnode,default,PBMC,42,interp,3,0.05975230232627582,nan
scnode,default,PBMC,42,interp,4,0.05844289919000967,nan
scnode,default,PBMC,42,interp,5,0.08150007137932458,nan
scnode,default,PBMC,42,interp,6,0.06873891341824001,nan
scnode,default,PBMC,42,interp,7,0.04492998296454487,nan
scnode,default,PBMC,42,interp,8,0.05227977462574762,nan
scnode,default,PBMC,42,interp,9,0.04572911418594727,nan
scnode,default,PBMC,42,interp,10,0.03768931145964616,nan
scnode,default,PBMC,42,interp,11,0.03602332237832773,nan
scnode,default,PBMC,42,interp,12,0.03878226987269495,nan
scnode,default,PBMC,42,interp,13,0.05069027726026443,nan
scnode,default,PBMC,42,interp,14,0.03543601359190063,nan
scnode,default,PBMC,42,interp,15,0.07402891119870691,nan
scnode,default,PBMC,42,interp,16,0.08133296334443996,nan
scnode,default,PBMC,42,interp,17,0.05862491129386249,nan
scnode,default,PBMC,42,interp,18,0.06722916963423309,nan
scnode,default,PBMC,42,interp,19,0.05096133369823408,nan
scnode,default,PBMC,43,forecast,-1,0.04134631220809826,nan
scnode,default,PBMC,43,interp,0,0.1717527658269175,nan
scnode,default,PBMC,43,interp,1,0.08179671556843549,nan
scnode,default,PBMC,43,interp,2,0.05107025062391546,nan
scnode,default,PBMC,43,interp,3,0.05368056360684825,nan
scnode,default,PBMC,43,interp,4,0.05100045283980681,nan
scnode,default,PBMC,43,interp,5,0.07492062093361906,nan
scnode,default,PBMC,43,interp,6,0.0631122662522644,nan
scnode,default,PBMC,43,interp,7,0.03994198518130532,nan
scnode,default,PBMC,43,interp,8,0.048302282112191564,nan
scnode,default,PBMC,43,interp,9,0.040086570046126146,nan
scnode,default,PBMC,43,interp,10,0.03735247166110389,nan
scnode,default,PBMC,43,interp,11,0.03479983626616401,nan
scnode,default,PBMC,43,interp,12,0.03583949674267117,nan
scnode,default,PBMC,43,interp,13,0.047383247620359725,nan
scnode,default,PBMC,43,interp,14,0.03106645352533577,nan
scnode,default,PBMC,43,interp,15,0.06697776881270623,nan
scnode,default,PBMC,43,interp,16,0.0728720944940654,nan
scnode,default,PBMC,43,interp,17,0.050613942031973114,nan
scnode,default,PBMC,43,interp,18,0.05898811167622797,nan
scnode,default,PBMC,43,interp,19,0.04130131675807991,nan
scnode,default,PBMC,44,forecast,-1,0.042584974992428526,nan
scnode,default,PBMC,44,interp,0,0.2105360445550178,nan
scnode,default,PBMC,44,interp,1,0.1048399996717404,nan
scnode,default,PBMC,44,interp,2,0.07275520229747046,nan
scnode,default,PBMC,44,interp,3,0.061721654622108435,nan
scnode,default,PBMC,44,interp,4,0.05436117757920822,nan
scnode,default,PBMC,44,interp,5,0.07392062568991042,nan
scnode,default,PBMC,44,interp,6,0.06014331874393197,nan
scnode,default,PBMC,44,interp,7,0.03896996052364021,nan
scnode,default,PBMC,44,interp,8,0.04262071567732095,nan
scnode,default,PBMC,44,interp,9,0.03653096626624619,nan
scnode,default,PBMC,44,interp,10,0.03696506569874958,nan
scnode,default,PBMC,44,interp,11,0.03303861585435752,nan
scnode,default,PBMC,44,interp,12,0.03471997378640779,nan
scnode,default,PBMC,44,interp,13,0.04475038909884266,nan
scnode,default,PBMC,44,interp,14,0.033293576933068114,nan
scnode,default,PBMC,44,interp,15,0.06018757701967692,nan
scnode,default,PBMC,44,interp,16,0.0684591455287401,nan
scnode,default,PBMC,44,interp,17,0.047547236836828155,nan
scnode,default,PBMC,44,interp,18,0.05497210660856178,nan
scnode,default,PBMC,44,interp,19,0.043589734891203546,nan
scnode,default,PBMC,5,forecast,-1,0.03744084161333916,nan
scnode,default,PBMC,5,interp,0,0.15214021400215888,nan
scnode,default,PBMC,5,interp,1,0.06973018319182278,nan
scnode,default,PBMC,5,interp,2,0.042322344687729774,nan
scnode,default,PBMC,5,interp,3,0.04886681867520748,nan
scnode,default,PBMC,5,interp,4,0.048928689777423484,nan
scnode,default,PBMC,5,interp,5,0.07240848493370688,nan
scnode,default,PBMC,5,interp,6,0.059907395529946506,nan
scnode,default,PBMC,5,interp,7,0.03825266792793791,nan
scnode,default,PBMC,5,interp,8,0.04495012033801837,nan
scnode,default,PBMC,5,interp,9,0.03786587889695203,nan
scnode,default,PBMC,5,interp,10,0.03601617316838357,nan
scnode,default,PBMC,5,interp,11,0.03278428410369705,nan
scnode,default,PBMC,5,interp,12,0.03461484965117778,nan
scnode,default,PBMC,5,interp,13,0.04421394267283585,nan
scnode,default,PBMC,5,interp,14,0.029167549776432544,nan
scnode,default,PBMC,5,interp,15,0.0612595337233941,nan
scnode,default,PBMC,5,interp,16,0.06702782747683622,nan
scnode,default,PBMC,5,interp,17,0.0460309809998285,nan
scnode,default,PBMC,5,interp,18,0.05428308585217689,nan
scnode,default,PBMC,5,interp,19,0.03770010479425334,nan
scnode,default,ReprParam,1,forecast,-1,1.192204990276411,2.6482342793007807
scnode,default,ReprParam,1,interp,0,0.7011402295443112,1.1818179700772014
scnode,default,ReprParam,1,interp,1,0.8701793495891782,1.2728631317961117
scnode,default,ReprParam,1,interp,2,1.0189736194571388,1.3266112146096403
scnode,default,ReprParam,1,interp,3,1.170422390464194,1.783142009779233
scnode,default,ReprParam,1,interp,4,1.0877116722985836,2.223638772161741
scnode,default,ReprParam,1,interp,5,1.260129828996929,2.0957797146259103
scnode,default,ReprParam,1,interp,6,1.316614488818188,2.4146763193694247
scnode,default,ReprParam,1,interp,7,1.1348993441148125,2.893321355375477
scnode,default,ReprParam,1,interp,8,1.2310146143170762,1.6425211139287321
scnode,default,ReprParam,2,forecast,-1,1.2489645483762635,2.947496575333697
scnode,default,ReprParam,2,interp,0,0.6144211767554504,1.0526958364426586
scnode,default,ReprParam,2,interp,1,0.7394699722522926,1.1286620476552207
scnode,default,ReprParam,2,interp,2,0.858505090881587,1.301651795635357
scnode,default,ReprParam,2,interp,3,1.0097113483383426,1.8793443514886443
scnode,default,ReprParam,2,interp,4,0.9250168668952345,2.275071040477176
scnode,default,ReprParam,2,interp,5,1.1391248758203156,2.00258363040613
scnode,default,ReprParam,2,interp,6,1.2423941237658032,2.2940038603448683
scnode,default,ReprParam,2,interp,7,1.0488209015829095,2.8146821488348532
scnode,default,ReprParam,2,interp,8,1.2174421862043427,1.6006962273113163
scnode,default,ReprParam,3,forecast,-1,1.3677893332446915,2.3881446946851197
scnode,default,ReprParam,3,interp,0,0.6127831630560132,1.0368421998907873
scnode,default,ReprParam,3,interp,1,0.7740583748704928,1.3607370134369572
scnode,default,ReprParam,3,interp,2,0.9348214233835255,1.5024979247110395
scnode,default,ReprParam,3,interp,3,1.1119280010786399,1.7747448311292808
scnode,default,ReprParam,3,interp,4,1.0240761316228666,2.169676126821947
scnode,default,ReprParam,3,interp,5,1.2401124985361698,2.0779931550471877
scnode,default,ReprParam,3,interp,6,1.3253641102395124,2.3120096600418507
scnode,default,ReprParam,3,interp,7,1.1971130139899886,2.8804389588984467
scnode,default,ReprParam,3,interp,8,1.3337376867651896,2.0474208135433445
scnode,default,ReprParam,4,forecast,-1,1.3315173783574177,2.4394144742520996
scnode,default,ReprParam,4,interp,0,0.6248248102325533,1.0332331311475493
scnode,default,ReprParam,4,interp,1,0.753734908523698,1.4031126541106205
scnode,default,ReprParam,4,interp,2,0.8806658239236672,1.5182413800925634
scnode,default,ReprParam,4,interp,3,1.0362542938133101,1.7420319908313182
scnode,default,ReprParam,4,interp,4,0.9558635901243219,2.157846898143306
scnode,default,ReprParam,4,interp,5,1.1690378433487425,2.127074617478219
scnode,default,ReprParam,4,interp,6,1.2716404837688624,2.315719045481338
scnode,default,ReprParam,4,interp,7,1.1219233325559848,2.860100719337758
scnode,default,ReprParam,4,interp,8,1.282991677060392,2.0121005381582786
scnode,default,ReprParam,40,forecast,-1,1.201406201500101,2.7095900810232587
scnode,default,ReprParam,40,interp,0,0.9351625311918392,1.02165209553608
scnode,default,ReprParam,40,interp,1,1.0585165188038357,1.2483133449600095
scnode,default,ReprParam,40,interp,2,1.134217955200721,1.3200651017374794
scnode,default,ReprParam,40,interp,3,1.2188707753426529,1.8283322558888062
scnode,default,ReprParam,40,interp,4,1.1004495338639853,2.2026230499615256
scnode,default,ReprParam,40,interp,5,1.2368948317291888,2.0626261868594953
scnode,default,ReprParam,40,interp,6,1.2856306669610917,2.4208424233001162
scnode,default,ReprParam,40,interp,7,1.0772660357272978,2.8689048230803964
scnode,default,ReprParam,40,interp,8,1.1942849426762217,1.6086596440714014
scnode,default,ReprParam,41,forecast,-1,1.338884952751625,2.3790211301727116
scnode,default,ReprParam,41,interp,0,0.5912630197648094,1.0345464862922964
scnode,default,ReprParam,41,interp,1,0.7255046913410426,1.3662000245982362
scnode,default,ReprParam,41,interp,2,0.8649048710822418,1.506378080747593
scnode,default,ReprParam,41,interp,3,1.0348984675321802,1.7704341318334256
scnode,default,ReprParam,41,interp,4,0.9477887173519647,2.1667978875898424
scnode,default,ReprParam,41,interp,5,1.176106500420886,2.0768017729235346
scnode,default,ReprParam,41,interp,6,1.280329254958382,2.3138011328727686
scnode,default,ReprParam,41,interp,7,1.1269500791720641,2.8750907245371113
scnode,default,ReprParam,41,interp,8,1.2915518661848537,2.0384508557465484
scnode,default,ReprParam,42,forecast,-1,1.3562620767199318,2.5670090327765887
scnode,default,ReprParam,42,interp,0,0.9046999241747906,1.041356509390377
scnode,default,ReprParam,42,interp,1,1.0421671731063105,1.2332931759982309
scnode,default,ReprParam,42,interp,2,1.1352293672327034,1.4579074810033001
scnode,default,ReprParam,42,interp,3,1.2350568455986446,1.7799106324183884
scnode,default,ReprParam,42,interp,4,1.1549960965193717,2.141604877153986
scnode,default,ReprParam,42,interp,5,1.2956248904058978,2.150028593612374
scnode,default,ReprParam,42,interp,6,1.3497981661014384,2.399427157760884
scnode,default,ReprParam,42,interp,7,1.230421957574008,2.7808831807723733
scnode,default,ReprParam,42,interp,8,1.3353647470479175,1.859538854568019
scnode,default,ReprParam,43,forecast,-1,1.3813710376178097,2.4320397302242487
scnode,default,ReprParam,43,interp,0,0.7052994851645329,1.0265868782817136
scnode,default,ReprParam,43,interp,1,0.8746360979776469,1.3782971731635545
scnode,default,ReprParam,43,interp,2,1.0238786943194016,1.5067076240869037
scnode,default,ReprParam,43,interp,3,1.1761328389863548,1.7590516768414828
scnode,default,ReprParam,43,interp,4,1.1013845040181205,2.1713009290034404
scnode,default,ReprParam,43,interp,5,1.2796103597719148,2.1099544090985733
scnode,default,ReprParam,43,interp,6,1.348709983776435,2.3236728471594037
scnode,default,ReprParam,43,interp,7,1.2444786188413486,2.874786503168267
scnode,default,ReprParam,43,interp,8,1.3551669256937307,2.0451303905397604
scnode,default,ReprParam,44,forecast,-1,1.4022361410352948,2.405857487786384
scnode,default,ReprParam,44,interp,0,1.0761396935074827,0.9980808451782293
scnode,default,ReprParam,44,interp,1,1.2012838594590607,1.3451087178988461
scnode,default,ReprParam,44,interp,2,1.2695873717210986,1.4704985004734656
scnode,default,ReprParam,44,interp,3,1.3317213476740604,1.7614759159899285
scnode,default,ReprParam,44,interp,4,1.2785340442337718,2.1367557625423115
scnode,default,ReprParam,44,interp,5,1.361621277161396,2.1184458401921686
scnode,default,ReprParam,44,interp,6,1.3942142891086442,2.382717527990083
scnode,default,ReprParam,44,interp,7,1.331242150665154,2.86492831726938
scnode,default,ReprParam,44,interp,8,1.3916628132211344,1.8991916786827414
scnode,default,ReprParam,5,forecast,-1,0.9535546058092892,5.142433709561659
scnode,default,ReprParam,5,interp,0,0.9871492688993979,1.2195324130799123
scnode,default,ReprParam,5,interp,1,1.2322917228516823,1.1537642043636143
scnode,default,ReprParam,5,interp,2,1.3200068684194393,1.1427607224623908
scnode,default,ReprParam,5,interp,3,1.3705010476189445,1.8026353095874101
scnode,default,ReprParam,5,interp,4,1.3424864742819531,2.4901016957255333
scnode,default,ReprParam,5,interp,5,1.391966939154379,2.0787158575030285
scnode,default,ReprParam,5,interp,6,1.410299743042179,2.2010842686517824
scnode,default,ReprParam,5,interp,7,1.3354626980769226,2.6790813445980595
scnode,default,ReprParam,5,interp,8,1.1592446205971974,1.1131549037362813
scnode,default,ReprProtein,1,forecast,-1,0.8943870288546006,4.113284451015206
scnode,default,ReprProtein,1,interp,0,0.9390688087203019,3.3003505891928806
scnode,default,ReprProtein,1,interp,1,0.8948300112488635,0.9909740596072729
scnode,default,ReprProtein,1,interp,2,0.9071980186390798,1.3094491748741242
scnode,default,ReprProtein,1,interp,3,1.0350189464396473,1.4408787541142165
scnode,default,ReprProtein,1,interp,4,1.1485364768369193,1.6069447462483588
scnode,default,ReprProtein,1,interp,5,1.0894388006252653,2.5844791499857314
scnode,default,ReprProtein,1,interp,6,1.1016835528598052,2.583070893610135
scnode,default,ReprProtein,1,interp,7,0.780999309332217,1.1502375897549206
scnode,default,ReprProtein,1,interp,8,0.6884992021819428,2.1337702132463208
scnode,default,ReprProtein,2,forecast,-1,0.8027894250740127,4.547415075641642
scnode,default,ReprProtein,2,interp,0,0.9806766226371704,3.6384871868501683
scnode,default,ReprProtein,2,interp,1,0.9766522950579634,1.263716755692455
scnode,default,ReprProtein,2,interp,2,1.0408575339988837,1.2895709845621295
scnode,default,ReprProtein,2,interp,3,1.166653206241092,1.49313793591382
scnode,default,ReprProtein,2,interp,4,1.2198003011566665,1.5815634545043078
scnode,default,ReprProtein,2,interp,5,1.137431243004787,2.46210984386317
scnode,default,ReprProtein,2,interp,6,1.1405839142239969,2.46009306120524
scnode,default,ReprProtein,2,interp,7,0.8595639922842376,1.1303151114477554
scnode,default,ReprProtein,2,interp,8,0.6807435441716935,1.8199331811243542
scnode,default,ReprProtein,3,forecast,-1,1.3944678564218693,4.757287596784508
scnode,default,ReprProtein,3,interp,0,0.6087460624015695,2.8839484249678544
scnode,default,ReprProtein,3,interp,1,0.5876448845775396,1.2349696338898224
scnode,default,ReprProtein,3,interp,2,0.6214576120219429,1.9312258357477783
scnode,default,ReprProtein,3,interp,3,0.7939924201904469,2.1449917475969817
scnode,default,ReprProtein,3,interp,4,1.0380033530497257,2.152375589922992
scnode,default,ReprProtein,3,interp,5,1.1151933960227574,2.7109939328738104
scnode,default,ReprProtein,3,interp,6,1.2589465438356782,2.4677875478733373
scnode,default,ReprProtein,3,interp,7,1.2791812482457539,2.202859980627568
scnode,default,ReprProtein,3,interp,8,1.1595800302451305,4.651984157226531
scnode,default,ReprProtein,4,forecast,-1,1.3754209658317333,4.719488358369814
scnode,default,ReprProtein,4,interp,0,0.5569889152319494,2.8696242226012743
scnode,default,ReprProtein,4,interp,1,0.5411625460170854,1.2582678793561608
scnode,default,ReprProtein,4,interp,2,0.5677993916721154,1.9617222469441669
scnode,default,ReprProtein,4,interp,3,0.7078263561866054,2.17074193528049
scnode,default,ReprProtein,4,interp,4,0.9385557978095302,2.1682413505099203
scnode,default,ReprProtein,4,interp,5,1.0221203301313904,2.7077856560329083
scnode,default,ReprProtein,4,interp,6,1.195955039627502,2.4445680635140414
scnode,default,ReprProtein,4,interp,7,1.221285682747129,2.162266873500218
scnode,default,ReprProtein,4,interp,8,1.0725490825544526,4.632535646435259
scnode,default,ReprProtein,40,forecast,-1,1.0419065546466761,4.413606388411524
scnode,default,ReprProtein,40,interp,0,0.9158004762206169,3.8069309547502375
scnode,default,ReprProtein,40,interp,1,0.8361091825799898,1.25402596057611
scnode,default,ReprProtein,40,interp,2,0.8268550203350721,1.2401680318489894
scnode,default,ReprProtein,40,interp,3,0.93140048930849,1.3951559711908688
scnode,default,ReprProtein,40,interp,4,1.0360612534007225,0.9771969245835813
scnode,default,ReprProtein,40,interp,5,0.9830459491406611,1.6382849560706165
scnode,default,ReprProtein,40,interp,6,0.969910168750693,1.896502374610657
scnode,default,ReprProtein,40,interp,7,0.7295369154666256,0.970116541971912
scnode,default,ReprProtein,40,interp,8,0.5409989453130518,0.9071333347189069
scnode,default,ReprProtein,41,forecast,-1,0.9483288240173118,4.466953074917001
scnode,default,ReprProtein,41,interp,0,1.1590644517735609,3.3351758115533885
scnode,default,ReprProtein,41,interp,1,1.1400837556521113,0.8331265721001174
scnode,default,ReprProtein,41,interp,2,1.1740460635545116,1.1457834549392762
scnode,default,ReprProtein,41,interp,3,1.2782917893841657,1.4796602655471185
scnode,default,ReprProtein,41,interp,4,1.341855837441904,1.8065963874839626
scnode,default,ReprProtein,41,interp,5,1.294391394655773,2.7399359575457485
scnode,default,ReprProtein,41,interp,6,1.2615382984478607,2.6483528004797487
scnode,default,ReprProtein,41,interp,7,0.9959610344565869,1.289543489909786
scnode,default,ReprProtein,41,interp,8,0.794862028671167,2.4767802713111435
scnode,default,ReprProtein,42,forecast,-1,1.1495514157836297,4.209510079824607
scnode,default,ReprProtein,42,interp,0,1.285055137371008,3.5964272602592424
scnode,default,ReprProtein,42,interp,1,1.2709769237451294,0.8984970794474092
scnode,default,ReprProtein,42,interp,2,1.2826887438664318,1.0129792247439975
scnode,default,ReprProtein,42,interp,3,1.338948046463924,1.2825210742162843
scnode,default,ReprProtein,42,interp,4,1.356101023871944,1.4187850596050935
scnode,default,ReprProtein,42,interp,5,1.2832207807148557,2.3178011782897583
scnode,default,ReprProtein,42,interp,6,1.213624976444386,2.2525374019963906
scnode,default,ReprProtein,42,interp,7,0.7075521807296532,0.9140459199329516
scnode,default,ReprProtein,42,interp,8,0.8111831920159185,1.7050199132139594
scnode,default,ReprProtein,43,forecast,-1,0.8416504763514203,4.1292389263771145
scnode,default,ReprProtein,43,interp,0,1.0603153011208526,3.337210636917677
scnode,default,ReprProtein,43,interp,1,1.0296857244849686,1.0793535209423142
scnode,default,ReprProtein,43,interp,2,1.0623162442113163,1.3431860015284813
scnode,default,ReprProtein,43,interp,3,1.1887786460678307,1.4184161648800115
scnode,default,ReprProtein,43,interp,4,1.2608138034195489,1.4586593192701445
scnode,default,ReprProtein,43,interp,5,1.1697407823607395,2.428698420640835
scnode,default,ReprProtein,43,interp,6,1.1069860717911744,2.506299311068642
scnode,default,ReprProtein,43,interp,7,0.7736407178014122,1.3129159174675784
scnode,default,ReprProtein,43,interp,8,0.6094192989181524,1.9979128866777127
scnode,default,ReprProtein,44,forecast,-1,1.0455160185740315,3.8805176170809124
scnode,default,ReprProtein,44,interp,0,1.3187231717185006,3.220457702924496
scnode,default,ReprProtein,44,interp,1,1.2630150822432524,0.7082769214798661
scnode,default,ReprProtein,44,interp,2,1.208808273812906,1.1631571887452563
scnode,default,ReprProtein,44,interp,3,1.2159718974244118,1.4372759140990707
scnode,default,ReprProtein,44,interp,4,1.2344265311102434,1.795661248296579
scnode,default,ReprProtein,44,interp,5,1.1544962276023167,2.75493720727646
scnode,default,ReprProtein,44,interp,6,1.1513296664614372,2.6294736850768086
scnode,default,ReprProtein,44,interp,7,0.8704998333611269,1.3537263730745157
scnode,default,ReprProtein,44,interp,8,0.7698046834922088,2.9337133719134303
scnode,default,ReprProtein,5,forecast,-1,1.379860446418089,4.721588518124346
scnode,default,ReprProtein,5,interp,0,0.5737551831852861,2.8832521642619637
scnode,default,ReprProtein,5,interp,1,0.5567092183448442,1.2415564628889733
scnode,default,ReprProtein,5,interp,2,0.5849957235827845,1.9386972238296254
scnode,default,ReprProtein,5,interp,3,0.7313470614286628,2.154246734298354
scnode,default,ReprProtein,5,interp,4,0.9619806682968735,2.165818130272359
scnode,default,ReprProtein,5,interp,5,1.043355492625856,2.718768428372215
scnode,default,ReprProtein,5,interp,6,1.2103857818807242,2.46610489434077
scnode,default,ReprProtein,5,interp,7,1.234262057380048,2.183352454434426
scnode,default,ReprProtein,5,interp,8,1.0921726531198857,4.641693983855376
